x,y,theta,speed,accel
2.754830700623733,33.21643392101998,-0.005778913435425511,11.64762666,1.1772659
0.0,0.0,0.0,0.0,0.0
2.7270232879947143,32.87489820857962,-0.0029982496805516638,11.68847838,1.1758106
2.6697372073932524,32.18909233107219,0.004286356461724611,11.72913759,1.1798936
2.629390690093284,31.730018863287317,0.008041369232768662,11.76979689,1.1839766
2.58759884802536,31.269446106623008,0.0076970088103581365,11.8104561,1.1307719
2.5339504814755767,30.69166013685623,0.003390631162707216,11.8491579,1.1261446
2.490995338115385,30.227672169905937,-0.0013183203727344522,11.8875762,1.12979
2.4490592437273646,29.76202916803816,-0.0061916428274149705,11.92599441,1.1334353
2.39800841591548,29.177674253990663,-0.006965840861294497,11.964412710000001,1.0863356
2.358028064880856,28.708433363410727,-0.004497577915722837,12.00111903,1.0786686
2.3180444575212413,28.237701508054627,-0.00034539108332523496,12.03745563,1.0819296
2.2770694482442813,27.76556809430274,0.004653415932807676,12.07379214,1.0851907
2.2347501893923187,27.29207081635393,0.007520472289702871,12.11012874,1.0438373
2.1802579268084847,26.69834753577838,0.005858105124215522,12.144978,1.0332962
2.1359719203501264,26.221836626520336,0.002347316858661818,12.17937717,1.0362187
2.0920532899372453,25.743879367869663,-0.002265492478398435,12.21377634,1.0391413
2.0494934747908546,25.264392794762948,-0.007235448321263652,12.24817551,1.0031595
2.018457318562341,24.903778063869886,-0.009212851460548215,12.281292180000001,0.9899396
1.9682213612398258,24.300889967854214,-0.007363639197855134,12.31388505,0.9925633
1.9187642887267022,23.695789065035576,-0.002483637374760289,12.34647801,0.995187
1.8784567936897645,23.21029019597082,0.0022307974119026904,12.37907088,0.96419
1.8364762036752125,22.72362496006287,0.006637635211852533,12.41056701,0.9485119
1.7929615867038096,22.235839278307694,0.007406458842065501,12.44147319,0.950871
1.7481083728188023,21.74687677398902,0.005245010673504692,12.47237928,0.9532302
1.7026629337152164,21.256674292031438,0.0013206283642405606,12.50328546,0.9268231
1.657681543467594,20.76514406286881,-0.003496418792700947,12.53326239,0.9089265
1.6141074867986587,20.27226069451489,-0.00802604100654251,12.56259096,0.911051
1.5718335152694054,19.778049448639536,-0.008930314364673977,12.59191962,0.9131754
1.530680153238797,19.282489562247573,-0.006909007235565992,12.62124819,0.8909616
1.4899148473226662,18.785651207810634,-0.0031227695866300614,12.649797809999999,0.8710985
1.4484841750660298,18.287636679276734,0.0015616206641359592,12.67764876,0.8730143
1.4052916315647097,17.788601924003263,0.006575744197771094,12.705499710000002,0.8749301
1.3599941018933668,17.288554190478045,0.009323627450004895,12.733350660000001,0.8565164
1.3128639782380838,16.787484533733473,0.008484463487419611,12.76055658,0.8349441
1.2644360764980298,16.285362106767092,0.005379063309135184,12.78702162,0.836674
1.215748163164471,15.782147439527558,0.0010363567230413462,12.81348666,0.8384038
1.1679912660243708,15.27774161230675,-0.0038304964185144072,12.83995161,0.8234071
1.1216464167897586,14.772067416135405,-0.00656709680571897,12.865890330000001,0.8003812
1.0765996897369854,14.265149120817796,-0.005800381869776689,12.891053520000002,0.8019451
1.0324590934449083,13.757042313970237,-0.002772765721323335,12.9162168,0.8035089
0.988303053676269,13.247885116513743,0.0015337234551155465,12.94138008,0.7915622
0.9431635798030283,12.737735315462439,0.005846672006440057,12.96612144,0.7673293
0.9086597666034916,12.354476024798897,0.007218026399900383,12.99006045,0.7687447
0.8617679588754734,11.842583615059372,0.006120344151131677,13.01399937,0.7701601
0.8261919865536531,11.458019436314524,0.004048241619162137,13.03793838,0.7609179
0.7671850998921952,10.81573380736617,-0.0011104142281284993,13.061547,0.7357096
0.721398952077999,10.300598483772609,-0.005665672478771307,13.08433293,0.7369919
0.6770030346227193,9.784316857350362,-0.007331467677259183,13.10711895,0.7382743
0.6338795399494326,9.26692245430236,-0.0060057878228574665,13.12990488,0.7314189
0.5914432086891355,8.748518134961566,-0.002816193177418844,13.15244034,0.7054452
0.5594559879256776,8.359085618805157,0.00030291029286196383,13.17413898,0.706608
0.5156919321863538,7.839055532413976,0.0050308896908933315,13.195837710000001,0.7077709
0.47028618083373347,7.318180749375911,0.007750455219357742,13.21753635,0.7030169
0.4233615414314546,6.796475206493116,0.007129347305892613,13.23905409,0.6764606
0.37531470669846584,6.27395725317111,0.004359361628112674,13.259726010000001,0.677516
0.33908711540128395,5.881496825875828,0.001505752927465654,13.28039793,0.6785714
0.29145196212980595,5.357351791328791,-0.0031240253446202853,13.30106985,0.6756699
0.2452721911086766,4.832132242331237,-0.0067956874834370525,13.32162153,0.6486781
0.21148832785636074,4.437532507230623,-0.007445437403666262,13.34132244,0.6496367
0.15665298627925783,3.778641077719522,-0.004705792505559015,13.36102335,0.6505953
0.1240899779193473,3.382613624166239,-0.0021060797959159255,13.38072417,0.6486497
0.08014487308635547,2.853824209572357,0.0023001378969603977,13.400337330000001,0.6125212
0.034684037293058245,2.324270800987176,0.00648347404650566,13.4188317,0.613366
-0.012263471001946394,1.7940063616979594,0.007428955169000037,13.437326070000001,0.6142108
-0.04842293970059909,1.3958554748748764,0.0066357523033905965,13.45582053,0.6061849
-0.09738498650448639,0.8643262462009818,0.0035715461226190023,13.474048320000001,0.2144121
-0.14628048170709446,0.3319361226995964,-0.0005193631369104817,13.4804898,0.2145146
-0.19397315833369863,-0.2013564442238985,-0.00492940496923375,13.48693119,0.2146171
-0.2288553559025872,-0.6018603764309012,-0.006687424332016824,13.49337258,0.2147195
-0.2741459374429713,-1.136522806758151,-0.006002601931187785,13.49981406,0.0061863
-0.31841508923588835,-1.6718541187246312,-0.003117298553038014,13.49999955,1.4e-06
-0.3625599596171966,-2.2076998641620436,0.0011015435868323017,13.49999964,1.4e-06
-0.39624625128714114,-2.6098131116496255,0.004969145743658228,13.49999964,1.4e-06
-0.4420737514495596,-3.146195834149003,0.007908342143309356,13.49999973,2.2e-06
-0.4771666603352783,-3.5486175333052357,0.00866221129823642,13.49999973,2.3e-06
-0.5247010089991802,-4.085334164851578,0.007334641171129453,13.49999982,2.3e-06
-0.5723762705831413,-4.6222485156776765,0.00477507319374818,13.499999910000001,2.3e-06
-0.6191496275408803,-5.1594149892807115,0.0016105272777465383,13.5,-5e-06
-0.6529615563999772,-5.562493018062403,-0.0008747418346192305,13.49999982,-6.1e-06
-0.6852088101343484,-5.965768141548414,-0.0035059130819772525,13.49999964,-6.1e-06
-0.7350325404514015,-6.6383232535932954,-0.005605207133593349,13.49999946,-6.1e-06
-0.771828302296355,-7.17668113473299,-0.003479546422781639,13.499999279999999,-0.4091489
-0.7979916351043793,-7.580590834075787,-0.00034116719442047545,13.48772265,-0.501275
-0.8318838476621474,-8.119162708017317,0.005286839027515296,13.472666460000001,-0.5007151
-0.8655137594323186,-8.657483389639761,0.010711633447873348,13.45761036,-0.5001552
-0.8906488941506694,-9.060990729107795,0.013376484963310939,13.44255417,-3.9850589
-0.9242970662881046,-9.59850079299267,0.014361613195796187,13.32198414,-5.0273171
-0.9576691997815343,-10.133988150296618,0.013963626026687721,13.16830527,-4.9689869
-0.9898828485168265,-10.665480409598985,0.012502044755004334,13.01462649,-4.9106567
-1.0126433848477763,-11.060722360687203,0.011136081500833268,12.860947710000001,-5.5098995
-1.0401381694251273,-11.582924347758563,0.007389064584408921,12.68629956,-5.7052801
-1.0630769878650477,-12.098327922551123,0.001549638372265627,12.502887750000001,-5.6221956
-1.0798555084119439,-12.606776162979564,-0.006932823271980938,12.31947594,-5.5391111
-1.089012960426191,-13.108144284259325,-0.017148616833054117,12.136064220000002,-5.3410377
-1.0897391471029043,-13.60228435553469,-0.02628373923812748,11.95654698,-5.1996999
-1.0807409965016965,-14.08999827534716,-0.03438295600774324,11.779152210000001,-5.1219773
-1.0614341662201103,-14.570693527371406,-0.042853895766902184,11.60175753,-5.0442548
-1.0236874008365844,-15.160042326281685,-0.0498490584147724,11.42436285,-4.9270064
-0.983458738340491,-15.623269393887776,-0.051719616793386464,11.24839098,-4.822955
-0.9357409746757467,-16.07892180728317,-0.05010086097138359,11.073427200000001,-4.7473481
-0.8686374185242648,-16.638040697267698,-0.04173828060972954,10.89846342,-4.6717412
-0.8117334527383148,-17.078856817290156,-0.03039950874821655,10.72349973,-4.5641619
-0.7415403096406885,-17.62130112230754,-0.00944514907874344,10.5497631,-4.4602264
-0.6767060741515599,-18.153907522953457,0.013057079616395701,10.37717307,-4.386657
-0.6314220406305243,-18.573149665115896,0.032535894179418844,10.204583040000001,-4.3130877
-0.5844012792504428,-19.089830425647946,0.050105630154470296,10.0319931,-4.2117966
-0.5473465714441854,-19.598421514900515,0.05847037171843736,9.86054139,-4.1043751
-0.5175887053584914,-20.099834195612548,0.05793033408788094,9.690544710000001,-4.033
-0.4906764342737419,-20.592195987419302,0.05132494334232303,9.52054794,-3.9616249
-0.46120964692560656,-21.075578536016984,0.03861228394976459,9.35055117,-3.8718503
-0.4144149584106144,-21.643477025402394,0.013976997131139954,9.18136593,-3.7690894
-0.36098057077306805,-22.105830296121344,-0.005961058032900032,9.013621050000001,-3.6995928
-0.2749210602430555,-22.64678111441663,-0.02707684246686485,8.84587626,-3.6300961
-0.18473446417442002,-23.085921251081174,-0.03757876272533157,8.67813147,-3.5453864
-0.0798273969097858,-23.514460631463965,-0.03988389851013057,8.51111037,-3.447195
0.08315947684361204,-24.09946972916511,-0.01887528506942699,8.34551064,-3.3794644
0.22818697149077533,-24.58738435766657,0.006132450219287918,8.179910820000002,-3.3117338
0.3719261046799557,-25.06619599967602,0.021220054599027503,8.179910820000002,-3.3117338
0.5120073075959835,-25.537091779564435,0.03172360980329734,8.01431109,-3.2476105
0.6506429047315889,-25.999514109031313,0.02673918434742287,7.84852524,-3.1844995
0.7923212067820882,-26.452062227531776,0.01099863690330532,7.68248784,-3.1164105
0.9654887539162291,-26.96600749655191,-0.0031499135632940085,7.516450529999999,-3.0483214
1.1230819787342077,-27.39369111585663,-0.010126654303069107,7.35041313,-2.995238
1.314986370305671,-27.87904569014914,-0.0005265214481202077,7.1835300900000005,-2.9350339
1.510550568830283,-28.349550814665882,0.017851668194131413,7.01615187,-2.8658407
1.6800336642218905,-28.742678887274163,0.027157237382918933,6.84877365,-2.7966475
1.9079513586385075,-29.252008066391113,0.02852417314566261,6.68139543,-2.7290144
2.1105906024920964,-29.683698816326416,0.01605166386874339,6.68139543,-2.7290144
2.347345168218596,-30.16060006609406,0.01504734452150458,6.513920280000001,-2.6599588
2.590235832969031,-30.61927839777444,0.014783408368225146,6.34643118,-2.590674
2.8086762671839867,-31.007066351910474,0.01916363270880203,6.178942080000001,-2.5213891
3.0958843867528953,-31.485543411789177,0.02124427535512129,6.01145298,-2.4341271
3.35684572600328,-31.892790972520846,0.0269445031577246,5.8452093000000005,-2.3655446
3.5887624581207205,-32.23543370282662,0.03799422268310803,5.67898866,-2.2973052
3.9267255366073144,-32.70166129267133,0.026875079823950692,5.51276811,-2.2290658
4.238031729505628,-33.09614047352717,0.02751486246564045,5.34654747,-2.0927305
4.554542815603093,-33.468690329281664,0.039250103063778574,5.18564646,-2.0032893
4.874463092749056,-33.820716462326565,0.013300049189211623,5.18564646,-2.0032893
5.197784136407306,-34.151802335749345,0.011245310826181652,5.026799700000001,-1.9409701
5.598461120330422,-34.529421862069064,0.010153321013030467,4.86795294,-1.8786508
6.000466562989029,-34.88005239694073,0.017173114274859562,4.7091062699999995,-1.8018051
6.367296320952555,-35.176678692356006,0.02709851662854183,4.551551910000001,-1.4817217
6.768969380428777,-35.47906429833081,0.04111552486743692,4.417778070000001,-1.4375231
7.171092603592594,-35.7560261152589,0.033924954063028714,4.28400432,-1.3933246
7.611076395935582,-36.029476335122546,0.03851217341156307,4.15023048,-1.3491261
8.048654431329801,-36.277379460774675,0.052708700235029965,4.01645673,-1.3683271
8.48326565706381,-36.49726505002843,0.06321218121952318,3.876066,-1.3957058
8.948374758599353,-36.70770039136436,0.1061241279980952,3.7274226299999995,-1.3411355
9.408838708118344,-36.88344987074582,-0.014755058646143607,3.7274226299999995,-1.3411355
9.900138196523622,-37.037859727613146,0.032393992328863225,3.57877935,-1.2865652
10.380603930065156,-37.16037271046507,0.0502605996496367,3.4301359799999998,-0.7247985
10.884766051795726,-37.24105784013653,0.01996497643556297,3.3434875799999997,0.2441341
11.319033025848706,-37.27435965999319,0.15145945533305222,3.37292199,0.246274
11.822832164031636,-37.268700300290796,0.12514063103081904,3.4023564,0.2484138
12.323341427803896,-37.18797980023671,0.07927156824311045,3.4317909,1.3654543
12.785836975044145,-37.06785307989126,0.18771381463979445,3.5892756,1.7239663
13.207755733063804,-36.89978980409347,0.09597124582723107,3.7787463900000002,1.8126309
13.62118527870729,-36.67437548941604,0.13408203059909612,3.96821718,1.748123
14.02880827832112,-36.400017024898894,0.074147086979613,4.14274482,1.3000618
14.416068790074311,-36.06272790482943,-0.010572629591320897,4.26791421,1.3387575
14.767010739013333,-35.71696859088514,0.04982693493232006,4.39308369,1.3774532
15.080630445393325,-35.37200941259289,0.01828561043288251,4.5182531699999995,1.3182647
15.38042539481985,-34.99679246190323,0.004348593687903653,4.63487967,1.201477
15.696727700312966,-34.559959427751636,0.06693639091535171,4.8424692600000006,1.2546935
15.974775382774151,-34.134837492475675,0.03969377261700427,4.9462641,1.4281147
16.21664510085349,-33.72796326223034,0.039255725144763026,5.06181591,1.6320023
16.472026508021383,-33.260131083290325,0.04075418183742767,5.1907162499999995,1.6730392
16.694732967545725,-32.816022563896716,0.036042373782075005,5.319616590000001,1.714076
16.886113347712186,-32.40065668839255,0.03497305032320984,5.44851693,1.8138002
17.06844797057051,-31.969669858377564,0.03192490744774761,5.58167598,1.908875
17.261054262419115,-31.47302478789129,0.02977787634987698,5.71846707,1.9550898
17.40704962151811,-31.061472123331697,0.025126315488721445,5.85525825,2.0013047
17.578546023796015,-30.528519683778644,0.013596591929707646,5.99204934,2.0240903
17.708591542870256,-30.088153088138085,0.019260084059521423,6.12729252,2.0529052
17.83374681121264,-29.635864294004183,0.024224084722930653,6.2614778399999995,2.0973761
17.984058821067695,-29.053798020623695,0.0220651230005698,6.39566325,2.141847
18.098142833745445,-28.57482644038368,0.030028640860389186,6.65951958,2.1089296
18.2067489374167,-28.08345352712355,0.028109097612754427,6.78652785,2.1487705
18.310017973782443,-27.579836243599896,0.025474656313856307,6.91353612,2.1886114
18.3840397226648,-27.194015984862755,0.024189518062708193,7.0405443000000005,2.1308968
18.48940852287383,-26.60229211122816,0.01789181113387302,7.16203962,2.1111997
18.56643988304061,-26.13120033342111,0.013042117409407179,7.28041266,2.1458073
18.638932485907837,-25.650668154076538,0.0074375256015613705,7.3987856999999995,2.1804149
18.706644947913823,-25.16065464726624,0.0008826115971336467,7.517158740000001,2.1111429
18.76956556525409,-24.661404575289342,-0.00437338842116246,7.63002135,2.0773763
18.830734618503246,-24.15304787679941,0.00506180019056917,7.739472420000001,2.1069636
18.893338560285773,-23.636133319767563,0.015156548620208115,7.84892349,2.1365509
18.947768907431247,-23.18632926944051,0.012178465602325472,7.95837456,2.0603698
19.01037340203058,-22.653525706672333,0.003806108732137699,8.062515900000001,2.0042981
19.061292591788327,-22.189910520893516,-0.0036671440647233116,8.1625482,2.0290123
19.117249551241528,-21.64088361913938,-0.005368529162421144,8.362612799999999,1.9913184
19.164756920869596,-21.163521739897444,0.00471169474757419,8.458475850000001,1.9175715
19.205551551597186,-20.761152166846394,0.012545652935920392,8.54977275,1.9381578
19.255420056226626,-20.272864843274437,0.00978878168562712,8.64106974,1.9587441
19.313182441892923,-19.695689891485628,3.391648999279862e-05,8.732366729999999,1.9203659
19.360138366939374,-19.19442281192693,-0.008104459364786707,8.8209576,1.8351115
19.405230573083962,-18.68687686790576,-0.005621695346414114,8.904791970000002,1.8524699
19.450376358627306,-18.173629564890483,0.0031473988448051425,8.98862643,1.8698283
19.497813744919704,-17.654795428657046,0.010950364819979422,9.0724608,1.8544201
19.538763964151286,-17.218101411384513,0.009425417342274521,9.15484617,1.7590716
19.58831995002208,-16.688863725802833,0.0024870012000271433,9.2323161,1.7738945
19.62831009428703,-16.24354920954345,-0.004199546809079609,9.309786030000001,1.7887174
19.673846792967193,-15.70377495230205,-0.0070987137526013966,9.38725596,1.7929526
19.710896931611828,-15.24968075010992,-0.002547004771261948,9.46427301,1.6895445
19.756242786726208,-14.699887754570682,0.005754485197712235,9.53627886,1.7023501
19.795644741269772,-14.237853394170605,0.008591111877199827,9.608284710000001,1.7151558
19.844043290929882,-13.678798947247827,0.005089434182335625,9.75229641,1.6331335
19.884008931656755,-13.208850471479156,-0.0016946173427780634,9.819865440000001,1.6374989
19.922135624475345,-12.735052700476386,-0.007278204196532975,9.819865440000001,1.6374989
19.95583097893547,-12.251528532486057,0.004321337477779737,9.95443731,1.6598627
20.002831681746557,-11.673974217505029,0.010034744974062423,10.02172329,1.5885542
20.043682556652968,-11.188938382840076,0.007440731954195215,10.085698260000001,1.5793206
20.084936839856983,-10.700466390630666,0.001537419135399833,10.14890166,1.5891867
20.124986499386633,-10.208485721254782,-0.005208109938255262,10.21210497,1.5990528
20.16290959050997,-9.713104947848501,-0.009035662140943418,10.275308370000001,1.5439859
20.199512636230832,-9.214295252553589,-0.006321372868321556,10.33596837,1.5260182
20.236007986363113,-8.712170735221484,-0.0005660826032792175,10.395574739999999,1.5347933
20.274146924110504,-8.206823859746972,0.005898246669294622,10.455181110000002,1.5435683
20.314939927766233,-7.698515832021173,0.009631271464755724,10.51478748,1.4975223
20.357660604846068,-7.187120836573549,0.007090747883477379,10.57229451,1.4736888
20.392443437324953,-6.775761454978528,0.0027751321426892034,10.62858258,1.481514
20.426763159422798,-6.362369026449204,-0.0026516478517729313,10.68487065,1.4893393
20.47572802233938,-5.738424646382856,-0.009124408734260627,10.74115872,1.4493273
20.514669347947383,-5.215004929356383,-0.007801507992194247,10.795652819999999,1.421944
20.54527468767135,-4.794011028143321,-0.004152930223282299,10.84885128,1.4289338
20.584314834131128,-4.26524171433071,0.0020982903858037583,10.90204983,1.4359236
20.625823654206457,-3.7337059868672613,0.007918007168942514,10.95524829,1.4000243
20.669629617593287,-3.1993479057057947,0.007636882939203495,11.006869230000001,1.3705761
20.705791803242988,-2.7698418104819478,0.00436711640316834,11.05717086,1.3768253
20.742041787905038,-2.3385155094892145,-0.0004828491362851315,11.10747258,1.3830746
20.78596043671962,-1.7967364846899343,-0.007273250724702455,11.157774210000001,1.3496681
20.827752285842806,-1.2519533754346321,-0.009919733664445717,11.20664331,1.3187756
20.860069778915275,-0.8140403473959952,-0.008075405020399766,11.25418878,1.3243588
20.900134065704517,-0.264104541346047,-0.002727857565693116,11.301734340000001,1.329942
20.941594661731926,0.28844847824716824,0.003537182869779295,11.34927981,1.2984053
20.97700843234791,0.7322316143750827,0.0087013005686807,11.39550651,1.2667782
21.01431917921363,1.1775882552768928,0.01025061274763067,11.440427130000002,1.271762
21.06303578489995,1.7365506118589928,0.0069847650762634855,11.485347840000001,1.2767458
21.0927940052541,2.0730993727442977,0.0039898841819916726,11.53026855,1.2471623
21.15137566321301,2.7491319601402946,-0.003812132028927415,11.57398002,1.2157034
21.188692370843395,3.2020517215537296,-0.007716837968879615,11.61643059,1.2201542
21.233724216227255,3.7706629063285533,-0.006520564676758437,11.65888116,1.2246049
21.26895431175035,4.227423149246872,-0.0029965145916965156,11.701331730000001,1.1967539
21.304473427008904,4.6857793965271775,0.0018571948935019768,11.742668550000001,1.1656754
21.35052485091763,5.260883725862583,0.006974297888551021,11.78279253,1.1696516
21.38857099277042,5.722695350306704,0.006966513086600106,11.82291651,1.1736279
21.42741980228539,6.185934102577312,0.004264165348150363,11.863040490000001,1.1474213
21.466316644344605,6.65067508346218,-3.5293117452909136e-05,11.90213775,1.1167614
21.51362912395183,7.233925463536937,-0.005839442880902223,11.94006735,1.1203146
21.550344084689183,7.70233145705957,-0.0070559309017257515,11.977996950000001,1.1238678
21.577326676444393,8.054676686592142,-0.006041238298400589,12.01592655,1.099332
21.62196289539734,8.643775326284409,-0.0012811504558751876,12.05291268,1.0690045
21.667819840002636,9.235128447309513,0.004730019465661214,12.08876985,1.07218
21.706026379139082,9.709731086223243,0.007475590767112174,12.12462702,1.0753556
21.745404443532653,10.185686238978656,0.006603511991239625,12.16048428,1.0526159
21.7855383832028,10.662968828306807,0.0034039518837722226,12.19548114,1.0224257
21.825555780632065,11.141706030188875,-0.0011104750499137542,12.22937829,1.0252635
21.87388998470104,11.742288063037652,-0.007098939539508185,12.26327553,1.0281014
21.901843730025202,12.103792315880769,-0.009072439882063838,12.29717277,1.0073824
21.946915582300424,12.708046747147813,-0.007322323839475102,12.33029646,0.9770266
21.982294304803826,13.193014253748418,-0.0038094789178910065,12.36233727,0.9795621
22.018136472408145,13.679299800997903,0.00076863804948763,12.394378080000001,0.9820977
22.055504366213018,14.166810837224746,0.005664355793150484,12.42641889,0.9637467
22.084558380092954,14.533239979892743,0.007568360873771892,12.45778092,0.9328239
22.134797318697885,15.145455524642284,0.0057508112618303055,12.4880616,0.9350886
22.175957831988786,15.636620013467123,0.00210915927883242,12.51834228,0.9373532
22.216912785948164,16.129091593483036,-0.0026150645112356617,12.54862296,0.9218961
22.246975915670408,16.499339292336337,-0.006077190304780689,12.578333220000001,0.8899739
22.296049766559506,17.11803068009654,-0.006573676849691228,12.60694836,0.8919962
22.334525948859515,17.614443747673413,-0.0040547551893148235,12.635563410000001,0.8940185
22.373064695334545,18.11208900707147,3.822782847215062e-05,12.66417846,0.8818424
22.41264830771607,18.610873566698857,0.004888752110224768,12.69234063,0.8476986
22.443180706601893,18.985688743411362,0.007393004268461091,12.71935359,0.8495008
22.495493480720985,19.61174729483239,0.006451493668010597,12.74636655,0.8513031
22.53818901834957,20.11384327580165,0.003510265328426045,12.77337951,0.8424771
22.58067646534479,20.617112427343287,-0.0005983276066137935,12.800056320000001,0.8016272
22.62189703659613,21.12158627406535,-0.005231020064812979,12.82538808,0.8032121
22.661492031787866,21.62731607664157,-0.007744105928425717,12.85071984,0.804797
22.69967485409669,22.134266005530023,-0.006767975943752161,12.8760516,0.802195
22.736909579983795,22.64238105231679,-0.003559686308521891,12.901251960000002,0.7649202
22.774164922819136,23.151535131293706,0.0008945964794300075,12.92523561,0.7663409
22.81258914997306,23.661667456137387,0.005891599664529304,12.94921926,0.7677616
22.85263702501146,24.17272747420386,0.008823752349764367,12.97320291,0.7691822
22.89417797862072,24.684705044545577,0.008328521077699625,12.997186560000001,-4.3620376
22.92610304380659,25.06929907660733,0.006679826858457657,12.86058276,-4.3896731
22.9689391252423,25.582710004080443,0.002719937923976191,12.721632750000001,-4.341988
23.01081359142815,26.09406395279516,-0.00245510138585378,12.582682830000001,-4.2943029
23.050392432522457,26.601403503285802,-0.009024815808314601,12.443732820000001,-5.8967606
23.08745454595253,27.103952572263836,-0.013703332880242248,12.25036476,-6.036051
23.12174350699847,27.601686072910436,-0.016209199697496443,12.04921548,-5.9361194
23.15324545650592,28.09202249889095,-0.018068433589790957,11.8480662,-5.8361878
23.182381911002906,28.574553904982036,-0.01943538497511761,11.64691683,-5.0703658
23.216476676922223,29.1668220166632,-0.019231378461816252,11.46929886,-4.8022591
23.236348837367306,29.517755777390427,-0.0200586299963101,11.29849839,-4.7302075
23.269793074844323,30.09367777993422,-0.017323240092048015,11.12769801,-4.6581559
23.30553280740513,30.658465390133465,-0.01270539150452732,10.95689754,-4.3196576
23.337487192360083,31.103127935874117,-0.007997592410487047,10.79609436,-4.1409503
23.373818931390613,31.541065048281588,-0.001192216407239373,10.6396623,-4.0805114
23.427643779479048,32.08071740849218,0.009217031477339847,10.48323033,-4.0200724
23.49161412588392,32.60974339104812,0.01832045887536511,10.326798270000001,-3.7856577
23.56619759570592,33.12862902515801,0.02267284869253871,10.17729,-3.6362913
23.651166780123486,33.637685841297625,0.024076995523485044,10.03158279,-3.5838555
23.74500526633095,34.136741556343104,0.023227482929132126,9.88587567,-3.5314198
23.84604317676705,34.62728224262901,0.01972571199481344,9.74016846,-3.2961224
23.95168791513994,35.10868918201371,0.014135665397621379,9.60217497,-3.145521
24.059795567607953,35.58203184079096,0.006059685021475252,9.468611280000001,-3.1014612
24.168172885095707,36.04831984368914,-0.0048748449203819605,9.33504759,-3.0574014
24.296496291783086,36.60016279012507,-0.01699042296731767,9.201483900000001,-2.3525807
24.40176265565959,37.05310761933027,-0.02245378895417248,9.09737568,-2.0450434
24.485171342390977,37.41123925943527,-0.027071899637882674,9.00589914,-2.0243761
24.631890526788222,38.030779178154546,-0.026945389351657172,8.9144226,-2.0037087
24.739154279404723,38.46758715246538,-0.029626551276752674,8.822945970000001,-1.8434083
24.872731434880425,38.98531599107653,-0.03145919298358263,8.737941959999999,-1.7985116
25.01323639769933,39.495609444659344,-0.03446288130187534,8.65420362,-1.7811929
25.136552908741933,39.914976590216604,-0.02868256428563149,8.65420362,-1.7811929
25.266791009037384,40.328588968213104,-0.030689292463651454,8.57046528,-1.7638742
25.462734920182186,40.89722124359408,-0.02489217179710603,8.48672685,-4.9406596
25.643811551316933,41.373370151432944,-0.023841641788006112,8.24764878,-4.9776635
25.802969128228305,41.75837021573076,-0.02298404190800052,7.999557660000001,-4.8256479
26.03784586073706,42.27580256297711,-0.011651557619921434,7.75146645,-4.6736324
26.286846599311843,42.76477240413869,0.008699809342364322,7.503375330000001,-2.4878023
26.512259459481562,43.161460361925364,0.024930160315639816,7.367908859999999,-2.4400583
26.788003827514377,43.60367378269807,0.028044077781268033,7.232577930000001,-2.3948248
27.072026679313282,44.02832103622417,0.025975364468527416,7.09724691,-2.3070798
27.358220019135494,44.441754959344806,0.02255693814556993,6.964387830000001,-1.9769036
27.640132307352637,44.84712342572896,0.021984756608576933,6.84849258,-1.9437296
27.87584681621529,45.191098269463346,0.010617320147130228,6.84849258,-1.9437296
28.216002378736256,45.703985812545056,0.010552665140621427,6.73259733,-1.9105557
28.46791973828,46.10142751734974,0.018793456536973514,6.61670208,-1.4959389
28.742091963471115,46.555629751875976,0.03125784630765212,6.52452084,-0.7568532
28.968625012815444,46.95422756284178,0.0391797723049897,6.47738307,-0.7513653
29.209562794977746,47.41443983897208,0.03477219156981806,6.4302453,-0.7458775
29.428769193346987,47.88099475512285,0.033716481458686956,6.38310753,-0.4513059
29.60083081691051,48.294562477093685,0.03428506768973379,6.3544161599999995,-0.1084422
29.77582037882729,48.773051866209556,0.03716549333290958,6.34750272,-0.1083242
29.929114003885676,49.25756876857214,0.03907828776176786,6.340589370000001,-0.1082062
30.06208738249371,49.747337586265985,0.03398376332249835,6.33367593,-0.9398634
30.17430869755756,50.24162980744779,0.014969991745761104,6.27330636,-1.7472686
30.26702098147122,50.73669983168188,-0.0016287100113325282,6.15950307,-1.7152815
30.343420806038424,51.22736186173238,-0.015237643731623365,6.0456997800000005,-1.6832944
30.411258914414766,51.71057903753838,-0.013224522118754535,5.93189649,-1.0690282
30.47764242928651,52.18572363076202,-0.014203300159694395,5.85847449,-0.6910906
30.546744916221257,52.65312932818232,-0.032025969468088195,5.81051592,-0.68541
30.631174692945034,53.172323108537476,-0.0523938688099835,5.76255735,-0.6797293
30.725631240617844,53.68511783920013,-0.07152087803959162,5.71459878,0.6041311
30.838186020402723,54.189750855397165,-0.058693309019768485,5.757243300000001,0.8788002
30.95916058242749,54.63167073873324,-0.01782626872987281,5.757243300000001,0.8788002
31.11833699536395,55.12337654427088,-0.034317838333930054,5.81871807,0.888134
31.30219701261423,55.60956269263304,-0.029668969961353434,5.88019293,0.8974678
31.489427382570806,56.03556085850899,-0.020634126419588276,5.9416677899999994,0.3919243
31.69851199216029,56.454997198572826,-0.022654801659839234,5.96831526,0.3817659
31.954950479055395,56.919678610335374,-0.033631012192138134,5.99415813,0.3834153
32.200638879736374,57.32570413633753,-0.027844991259649905,6.020001,0.3850648
32.46386537989631,57.72352016181438,-0.018077870653152067,6.04584378,1.3321619
32.780109769251446,58.16104454821446,-0.038816477488196825,6.22338813,1.3774387
33.03882259559097,58.49644195681241,-0.028232731837795726,6.22338813,1.3774387
33.42876705026203,58.96786796200648,-0.02826742304832895,6.40134558,2.0487204
33.75770861970555,59.33889317604948,-0.024853343317704044,6.52964229,2.1250643
34.10005879709455,59.70618303570901,-0.028002856892561503,6.66010908,2.1671045
34.41022878091336,60.02680870542859,-0.031006452346104777,6.79057578,2.2091448
34.72986514944693,60.34773860006129,-0.031131535606876808,6.92104257,2.2079731
35.15491700377054,60.7617865328187,-0.02628931736307674,7.0490277,2.243422
35.49685055180727,61.085272210030574,-0.021626298421560535,7.17673041,2.2836998
35.848921703216654,61.41006301884714,-0.015477704511796498,7.30443303,2.3239775
36.2113482028798,61.736084281100254,-0.00779146550342865,7.43213574,2.1662086
36.63852700021203,62.110146366338256,0.0019946655010776916,7.5492240299999995,2.160664
37.023224309004064,62.43932486848632,0.005107684479535703,7.66423089,2.1933313
37.35898227230855,62.7249884108993,-0.0027680580603436315,7.77923775,2.2259986
37.7559862606173,63.0644077640187,-0.01025624199632472,7.894244610000001,2.0913125
38.15929117470826,63.40973715324611,-0.002973068041800573,8.000786880000001,2.0677959
38.45209271500453,63.65900581647541,0.005536825139575572,8.10475416,2.0944927
38.8689020814946,64.01155655934267,0.006747086295960292,8.20872153,2.1211895
39.29221840585641,64.36989363267783,-0.0015729516108433984,8.4102741,1.9794044
39.65872769502232,64.68329769374162,-0.010450438278901773,8.50503276,2.0015815
40.028831667282326,65.00201332059298,-0.00733732864423172,8.59979142,2.0237585
40.40373652290645,65.3247815991114,0.0019535950807254114,8.69455017,1.9411544
40.78459152059603,65.64971335773797,0.011031675973004074,8.784480689999999,1.896208
41.171217445329226,65.97720194448466,0.008794440747223534,8.87144877,1.9148884
41.56251312993063,66.30855199924761,0.000632094499455731,8.958416849999999,1.9335687
41.956655088761636,66.6453947990569,-0.008401936883606808,9.04538484,1.8688449
42.28708406338788,66.93078785154565,-0.010605541790992077,9.12865446,1.817669
42.68682794243551,67.27766741041079,-0.004584241907356835,9.2089215,1.8335816
43.02365262102655,67.56914667316353,0.0026245347514904124,9.28918854,1.8494941
43.43354549463894,67.92013580089595,0.010306920378822299,9.36945558,1.7974119
43.84933374810879,68.27287622613889,0.00832327688981072,9.44680887,1.7414389
44.199444592943294,68.56917042889417,0.002674118517037865,9.52115382,1.75509
44.5516407109214,68.8688371733571,-0.004149423666733059,9.595498860000001,1.7687412
44.97629333151446,69.23357511280304,-0.0073352209970066915,9.6698439,1.7267223
45.332403383100356,69.54113886404883,-0.003782935205084898,9.74187549,1.667056
45.691420908948814,69.85094328323032,0.002222601758440107,9.81091629,1.6788287
46.12732997159723,70.22395492363081,0.01045708580650651,9.94899789,1.6573087
46.49476497901331,70.53591021881181,0.009803463388138024,10.01621718,1.5947168
46.86532047372645,70.8495454949623,0.004380235952124677,10.08047466,1.6049148
47.238025782519884,71.16605438485433,-0.0026149628850204824,10.144732050000002,1.6151127
47.61188512174054,71.48656758227514,-0.008980992193253151,10.20898953,1.5892064
47.987100390544065,71.8107488149264,-0.008556165842122956,10.27182393,1.5237527
48.36434624640878,72.13792264238161,-0.003670638201174535,10.33171155,1.5326108
48.668285334638576,72.40095845507577,0.001357480486324478,10.39159917,1.5414689
49.12884622180296,72.7960270589274,0.008283477231853617,10.45148679,1.5220348
49.51683033000938,73.12586759536083,0.007583664466778063,10.5102846,1.4538797
49.907953026868284,73.45699542839074,0.0024704826393551183,10.566143910000001,1.4615862
50.30116456857552,73.79069276749269,-0.0042580187382974645,10.62200331,1.4692927
50.69560420061611,74.12779394754237,-0.008634071046341785,10.67786262,1.4555186
51.01215924414605,74.39958991210932,-0.007844812221078433,10.732911660000001,1.3846273
51.40962733243098,74.74146331431486,-0.0033503349788707236,10.785018780000001,1.3913333
51.810041107718405,75.08446170746501,0.0025676305188758724,10.8371259,1.3980392
52.21414154239246,75.4274512982425,0.007081135424984937,10.88923293,1.3892015
52.53994664056321,75.70215991484682,0.006164609028924204,10.940764860000002,1.315343
52.949819003201874,76.04646906800254,0.0010663011671361994,10.98933426,1.3211693
53.2790875162121,76.32344503410943,-0.004466107121127912,11.037903660000001,1.3269956
53.691940115878225,76.67197588475545,-0.007804832318903759,11.08647306,1.3224518
54.10642904638182,77.02286267519327,-0.005645207567845241,11.13466536,1.2450921
54.439563206449606,77.304775070353,-0.0020546208281951046,11.17984878,1.2501343
54.858723872982466,77.65758328117289,0.003570861357952428,11.22503211,1.2551766
55.19670451680854,77.93964619275103,0.006909753406359761,11.27021544,1.254391
55.62210451121666,78.29247448972544,0.00499908157015742,11.31519024,1.1725249
56.050057681318236,78.64616451308858,-0.00042895386994762006,11.35706886,1.1768565
56.30760852996212,78.85941842009672,-0.0048186100814874705,11.39894739,1.1811881
56.73788181704881,79.21675470404874,-0.008315749785033433,11.44082592,1.1837856
57.169594861783885,79.57631227295352,-0.00641854148156407,11.482643340000001,1.0956468
57.516293028534214,79.86502122286726,-0.0031053559524954434,11.521212030000001,1.0993207
57.95226342704054,80.2262246621382,0.0021903132254400826,11.55978063,1.1029947
58.30373440265033,80.51459978677683,0.006555438760519661,11.59834932,1.1066686
58.746266332587034,80.87450844299062,0.006708012860406895,11.63691792,1.013581
59.10249287932775,81.16233016294227,0.0034207078534798396,11.67213051,1.0144426
59.46010232812255,81.45075877244912,-0.0017190282334305224,11.70726705,1.0174917
59.90821403015241,81.81315597620817,-0.007617383512472433,11.74240359,1.0205409
60.26753057795299,82.10452925423839,-0.008526191667577296,11.77754004,0.9212585
60.62765727952637,82.39709915403276,-0.0068528832434339776,11.809168560000002,0.9173
60.98895831579703,82.6903243769302,-0.0036447120954171516,11.84057721,0.9197365
61.44311381095355,83.05674534730892,0.001398808495970086,11.87198586,0.922173
61.8089771412983,83.34904540984307,0.004832918999586657,11.90339451,0.8117643
62.17686702185408,83.64077814214993,0.004330546186891544,11.93097429,0.8021012
62.639192571653425,84.00510307596622,-0.0004720734995424703,11.95816329,0.803927
62.91749875608983,84.22405157487084,-0.004917997330741765,11.985352290000002,0.8057528
63.38247195296169,84.58981814151538,-0.009130144168497414,12.012541290000001,0.6960042
63.75544237372136,84.88326380709654,-0.00924925798448441,12.035977560000001,0.6814835
64.03582731231273,85.10372374559239,-0.008375879418021502,12.05888067,0.682779
64.59893398132235,85.54457738072782,-0.003586639084639123,12.08178387,0.6840746
64.97672151658911,85.83751677056057,-0.0002963884213160199,12.10468698,0.6284967
65.35694712710576,86.12894243225762,0.0030648715964952298,12.125691269999999,0.6190243
65.73957791870194,86.41883595770264,0.003939319458288983,12.14634339,0.6200777
66.12421371535372,86.70760730424442,0.0009958699536239033,12.1669956,0.6211311
66.5103845817172,86.99583550649457,-0.004386001621611192,12.187647810000001,0.5958457
66.99482374007886,87.35596166441128,-0.008964432882953267,12.20742639,0.5906349
67.38357106650189,87.64409735930293,-0.009651968461004455,12.22700049,0.5915812
67.77339889180759,87.93220567710263,-0.008544414670521704,12.24657459,0.5925275
68.06666063924949,88.14801064038804,-0.007211582692129733,12.26614869,0.5592698
68.4591567843113,88.43492098183117,-0.00444247925602668,12.284595450000001,0.550268
68.95276432655798,88.79138924543896,-0.0006199031744300539,12.30271839,0.5510792
69.35049479119333,89.07415792282079,0.002380777954622803,12.32084124,0.5518904
69.75084689861885,89.3545871379386,0.003991283663896252,12.33896418,0.4868765
70.15334586361084,89.63330026933043,0.001573382020108384,12.35493009,0.4648637
70.6587833224266,89.98021351377766,-0.004934195576122088,12.37015485,0.4654362
71.06418236398108,90.25762831577585,-0.010973115278565697,12.3853797,0.4660087
71.47027997319812,90.53519941869747,-0.013995881414839388,12.40060455,0.3376372
71.87693601750752,90.81315086165367,-0.014418872602875495,12.4116237,0.2860943
72.28430457715329,91.09121441446196,-0.013180910878539624,12.42095301,0.2863092
72.69274363511704,91.3687862673386,-0.0110047020344059,12.43028241,0.2865242
73.10267787479698,91.64513327392902,-0.008394900520033848,12.43961181,0.1222167
73.51453417553947,91.91954280124023,-0.005673182487128248,12.443589090000001,0.0463259
73.92867233568384,92.19138541177114,-0.003020381372237581,12.44509632,0.0463315
74.34533208848961,92.46012666808116,-0.0005018550449096761,12.44660355,0.0463371
74.76466353407619,92.72535022111,0.0018827604857448038,12.44811087,-1.5241443
75.1865308529235,92.98709799207207,0.0026780543026399596,12.39843735,-2.3304985
75.61022030840572,93.24598326936803,-0.00019785286854448903,12.322096830000001,-2.3161047
76.03407749240202,93.50208099520525,-0.005443171992483241,12.24575622,-2.3017109
76.45695248912031,93.7553219834289,-0.009663630679941575,12.1694157,-5.3397042
76.87836394272428,94.00567671983136,-0.010945245340653248,11.99044278,-7.0055315
77.29775597900826,94.2529456903956,-0.010076498820293205,11.751502590000001,-6.8645234
77.81602513747937,94.55502659984555,-0.005609869299678521,11.5125624,-6.7235153
78.22355772923129,94.78845457736551,0.0014191959864375515,11.273622210000001,-6.6502635
78.62617547965591,95.01372858728858,0.011916296869930272,11.03219559,-6.5509115
79.12194417771471,95.28258961524095,0.02431573643352959,10.78909524,-6.4049505
79.51281015073008,95.48623734039138,0.035400520714975396,10.5459948,-6.2589894
79.99571281307679,95.72591118852982,0.04842940459477833,10.30289436,-6.0566168
80.47111417518234,95.94968988209939,0.05563452637862168,10.06206417,-5.8683187
80.84701162278796,96.11870510818822,0.058189336250164175,9.82309095,-5.7272717
81.30864469845356,96.3192592075043,0.054707997073959166,9.58411782,-5.5862247
81.84946802084289,96.54971344424258,0.040839243864541394,9.34514469,-5.4190805
82.28805767581713,96.7390766757348,0.0217641591504876,9.107331839999999,-5.2523341
82.62820783793663,96.89157071682541,0.00021389804598723032,8.87075433,-5.114101
83.20118324062884,97.16775148622364,-0.03581707738123374,8.63417691,-4.9758678
83.59037263602978,97.37439571337168,-0.060704859589602714,8.397599490000001,-4.8106354
84.0366406662289,97.63213226519507,-0.07559076523780305,8.162361449999999,-4.6338053
84.46360337715285,97.89428284449968,-0.0663436669501672,7.9291743299999995,-4.4995056
84.94813063761124,98.19517485251046,-0.02340767745885396,7.69598712,-4.3652059
85.35664040943118,98.43716907888006,0.016896272115504332,7.69598712,-4.3652059
85.76226854710617,98.65935000614516,0.04463993408923844,7.46279991,-4.0966015
86.23260683239133,98.89568570855177,0.04822972348283684,7.237130400000001,-3.6224615
86.69518028800957,99.1160611109705,0.029324841020622966,7.03154871,-3.5180774
87.14446493382759,99.33192219693758,-0.0017386363580046392,6.82596702,-3.4136933
87.516827692052,99.51875672210954,-0.022483400687608172,6.62038533,-3.2445788
87.99712865971502,99.7720858433263,-0.022348351779004755,6.62038533,-3.2445788
88.4597465375707,100.02468644798148,-0.009292409192124875,6.418888020000001,-2.6092348
88.90871818331922,100.27058140897893,0.012120926207187806,6.2521379999999995,-2.54056
89.34774216736355,100.51022124267467,0.019583922607341875,6.0853880700000005,-2.4718852
89.77591094054148,100.74614488525756,0.020623590699692496,5.91863805,-2.4032105
90.24226597573276,101.01094323324246,0.01988032947916275,5.75188812,-2.0706822
90.64207441380502,101.24808927924471,0.023155192364952098,5.60423322,-1.9832544
91.07490910414083,101.51808314275415,0.02671101130038325,5.459069520000001,-1.931209
91.49184386319864,101.79270037069045,0.03474322666576023,5.31390582,-1.8791637
91.89103873900356,102.07082819949626,0.011910347361691833,5.31390582,-1.8791637
92.31468665558398,102.38569284729206,0.011192976547013015,5.16874212,-1.565416
92.71569446672255,102.706065108724,0.010857460955990562,5.0446268100000005,-1.4334522
93.09567955014309,103.03478993583039,0.009164388183964206,4.9282335900000005,-1.3999925
93.45544212596191,103.37061328918057,0.025555908189573838,4.81184028,-1.3665329
93.79862150628198,103.70929440138967,0.059836566565771014,4.69544697,-0.4172729
94.1529048412109,104.08837216535655,0.04546508310347324,4.65932673,-0.2641084
94.45129173500341,104.44712583295262,0.03429384302643273,4.63631931,-0.262801
94.75663390394298,104.85624205373236,0.054952922510311204,4.61331198,0.3826422
95.04043077636402,105.27776272218026,0.07278390448697808,4.64677317,1.4613911
95.3003427400883,105.71513973971669,0.07320963614244998,4.7724102,1.5003763
95.51130882951198,106.13159879828792,0.06307361252929392,4.8980472299999995,1.5221647
95.69883503094525,106.5668711259099,0.08724799493510771,5.02229808,1.0025707
95.86469766489435,107.02058654697112,0.08581613613856105,5.1024831299999995,1.0184508
96.00221916372574,107.49344110358678,0.04471513357621231,5.18266827,1.0343309
96.11236117406305,107.98279941768256,0.047690777896042355,5.26285341,1.1558074
96.19949933284967,108.48571952326506,0.05001619578977442,5.351034510000001,1.3631342
96.25874228287587,108.94911215397529,0.04713106620097646,5.4532010699999995,1.3889142
96.29922656275029,109.47580761800164,0.020455687791639882,5.5553677200000005,1.4146943
96.31364817767464,109.95974619116696,0.01719801609058652,5.65753428,1.6115119
96.31269138934752,110.4527665576952,0.02905437354563651,5.7717117899999995,1.9029975
96.29881442782793,110.95497064559737,0.026937883998659252,5.90369859,1.9460231
96.27050924711985,111.46733343153849,0.00812976044320083,6.03568539,1.9890486
96.22778050339633,111.99026099271158,-0.0008648984745334498,6.1676721,2.0255933
96.1798637701874,112.46397989367914,-0.0027578099947739437,6.29924238,2.0286087
96.128358026682,112.94717686674431,0.011830976151171546,6.42831012,2.0697522
96.07447745317039,113.44025937882388,0.006635370916819241,6.68644569,2.1520392
96.01625724662479,113.94343028522276,-0.01152577222751665,6.81551343,2.0036809
95.95373929618975,114.45708217075408,-0.01130998539332273,6.93352395,1.8755824
95.90648011488216,114.84933228343675,-0.0018507084653258269,7.04219814,1.9047512
95.8387720984535,115.44884454877958,0.011039546167934707,7.150872329999999,1.9339199
95.7872549074647,115.92451436119721,0.0012694659690209778,7.259546429999999,1.9630887
95.73382034699932,116.40819992024205,-0.010827464641140622,7.368220620000001,-2.3100215
95.67912779173786,116.8996742388745,-0.0052969508264570425,7.240171050000001,-3.4355399
95.62584384828409,117.39487604824194,0.007503209114280746,7.04542851,-3.3418727
95.5680702989313,117.95479208487487,0.00784470050392683,6.85068588,-3.2482055
95.51841090159697,118.4326405753356,-0.0011898301688040578,6.65594334,-3.1307191
95.47462788228506,118.8316958281375,-0.0077011475592335885,6.4626931800000005,-2.7902051
95.408854327389,119.41269017652404,0.006452667695928463,6.28545654,-2.7126211
95.35083528848185,119.91361724836891,0.015343158936117322,6.10821999,-2.6350371
95.291212670366,120.40164658844951,0.01385327156967622,5.930983350000001,-2.557453
95.21867632808215,120.93576090490308,0.008618927741106808,5.7537468,-2.5703314
95.14701390312648,121.39668183157683,0.00656020002849755,5.56993827,-2.5323531
95.06790299143483,121.84224344117834,0.005953530983431135,5.382710820000001,-2.4457757
94.9500981997637,122.43383198521813,0.02183650118979429,5.19548337,-2.3591983
94.84677210194357,122.8986959861061,0.004539760298849924,5.19548337,-2.3591983
94.73646313368236,123.34943190883791,0.01233689984795146,5.00825592,-2.3953519
94.59228097296861,123.87838141025927,0.016714724654232547,4.81071006,-2.3531604
94.44999045078409,124.33656790786385,0.021278314361255116,4.60840536,-2.2520776
94.2810537675549,124.81394728621777,0.023763770133719657,4.40610075,-2.0149044
94.09781234866036,125.26465314068695,0.025450777876544258,4.21688331,-1.5829799
93.88621858638044,125.72818224871533,0.05400195575244759,4.06204956,-1.5237697
93.66226555717512,126.16537753353676,0.06835502246873923,3.9072159000000006,-1.1777107
93.4226004057661,126.57499330282971,0.07700481963010057,3.78320697,0.0336628
93.16845988217548,126.95817428675979,0.010058219182957566,3.78320697,0.0336628
92.84701391892854,127.37988303846376,0.014641452003643338,3.78680796,0.0336948
92.51854087885862,127.74644615080413,-0.0050076606025037705,3.7904089499999998,0.0337269
92.16196427726555,128.0862711318387,0.06624626053641558,3.7940098500000006,1.3146743
91.81200411136173,128.37856700756282,0.08975680027980441,3.93180642,1.3901669
91.39571881646211,128.6603645689292,0.023627893164019163,4.0724469,1.4390194
90.94036357352711,128.90459404209204,0.047312949974976475,4.21308747,1.3139611
90.52955420319071,129.08850738147535,0.04292369358833868,4.3375245300000005,1.1530499
90.09279111971748,129.24078871304087,0.0037545722308256384,4.4438530499999995,1.1809731
89.55046519934757,129.38813076572393,0.12582193944646308,4.656510180000001,1.2317126
89.07239195453204,129.48900803851356,0.09196893147475994,4.76240454,1.2568133
88.62222833972356,129.5522085651745,0.04933068278923086,4.868083080000001,1.2843962
88.11237858688577,129.59598476421198,0.05864092914309121,4.97376162,1.3119791
87.58859522484184,129.61697657906063,0.057236534941538283,5.07944025,1.5105835
87.1011115490359,129.615139738401,0.04814649513720631,5.198456070000001,1.6570307
86.6037263201166,129.5931537065567,0.042385369281527724,5.325952320000001,1.6971783
86.09578732162342,129.55065038736845,0.03335842044348512,5.45344848,1.737326
85.62935674125693,129.49323804414,0.018032455574279835,5.580944730000001,1.8185412
85.154333751013,129.41825730109457,0.014808715949928481,5.711353020000001,1.9292114
84.61588437500838,129.31893460541886,0.02067856959682432,5.84651871,1.9743344
84.12101103516179,129.21724977349413,0.022115348184760637,5.98168431,2.0194574
83.6161379023017,129.10279859132086,0.015075675061067193,6.11685,2.0642298
83.15929099127369,128.9895827105511,0.011894389770215175,6.25199292,2.1049132
82.69471864922289,128.8659921707795,0.010261676104743425,6.3868554,2.149834
82.22219597187677,128.73245462677278,0.006893891547146122,6.52171788,2.1947548
81.74133462179894,128.58900262860044,0.004842993074147,6.79144284,2.1641419
81.25180443280179,128.43539140520133,-0.004205827573425033,6.9192603,2.1729038
80.75330019358717,128.27327225832894,0.0002683231300199448,7.04526273,2.2121162
80.37228488074203,128.14878561694724,0.012297472143353482,7.17126516,2.2513285
79.7900658673939,127.95683057485994,0.005035448582773104,7.297267499999999,2.1752161
79.32859336432732,127.80128794157793,-0.005371629476516969,7.41697704,2.1212669
78.92743608119146,127.66302641754126,-0.007653150319892056,7.531885439999999,2.1538783
78.38298573256196,127.47471153200179,0.0054149425251532185,7.6467937500000005,2.1864896
77.89729330572804,127.30820258744862,0.009754180206773447,7.7617021500000005,2.1026823
77.47463443912287,127.16310529528589,0.0029118060659672727,7.8706238399999995,1.9531954
76.97479805075427,126.98887896784667,-0.007615545546765317,7.97046858,1.977817
76.54067353294249,126.83540584306958,-0.0068490678076541444,8.07031323,2.0024385
76.02677110572114,126.65376059461181,0.0016792957421867681,8.176978530000001,-4.356723
75.57964187876777,126.49817787198191,0.01013688401082529,7.958329739999999,-4.2386475
75.12902533003746,126.34311494226313,0.005365234924015392,7.7396809499999994,-4.120572
74.60818768550988,126.1636508500659,-0.009642259731327686,7.52103216,-4.1424405
74.1731699259914,126.01192179563098,-0.021053283761448816,7.294619879999999,-4.4135263
73.75034528386139,125.86361977183945,-0.022382715644595146,7.04538972,-4.2601116
73.20603647423964,125.67401337960611,-0.015009925240485524,6.79615947,-4.1066969
72.74605651321272,125.51895531434236,-0.00451896407050529,6.54692922,-3.8457095
72.2354043907022,125.35691633570457,0.013067470754586705,6.30461124,-3.4318518
71.80036077764653,125.22667185798892,0.0113282714200254,6.30461124,-3.4318518
71.31853832114788,125.08675386375414,-0.000617733309764647,6.0802216200000005,-3.3074945
70.79302623740931,124.93316226937061,-0.013493316129085222,5.855832,-3.1831373
70.39664789209576,124.81693097351818,-0.000983150551924788,5.63144229,-2.3830457
69.84875138717733,124.65914909320739,0.02792115665509033,5.4574180199999995,-1.4022261
69.37051129428872,124.52166042771593,0.039964877124459154,5.35237551,-1.3749742
68.90536209354613,124.38042644458348,0.03167649112108628,5.247333,-1.3477224
68.40269920287689,124.21023846920227,-0.0019966695473557943,5.247333,-1.3477224
67.96193074250702,124.0463474772743,0.020267645491142326,5.14229058,-1.6098228
67.48622150471351,123.85635496271539,0.04439306984226464,5.013936360000001,-1.6692179
67.02782174238737,123.65351773076434,0.04123740991104281,4.8772806300000004,-1.6230946
66.5910208984916,123.43462623515059,0.04803820358225665,4.74062499,-1.5710431
66.13839611074143,123.17528980560257,0.05541408476643776,4.6044905400000005,-1.3882548
65.75407966820868,122.91947664343971,0.04354820907476141,4.48075431,-1.3504402
65.36151612364428,122.61805363308108,0.031407126945494315,4.3570180800000005,-1.3126256
64.96505652001434,122.27309288541294,0.02189830837965051,4.23328185,-1.2695254
64.62208174487598,121.95265293474708,0.013430360389404027,4.11006627,-0.0045203
64.26594826641416,121.60316997087143,-0.049855703655969995,4.10962095,-0.0045198
63.912783208503186,121.25830473432752,-0.05380795151895332,4.10917563,-0.0045194
63.518098478533055,120.89829933056697,-0.07340794966955624,4.10873031,-0.0045189
63.173002982871395,120.60645983943955,-0.023794348158546808,4.10873031,-0.0045189
62.74672909753142,120.28482286359994,-0.017143538683197377,4.1082849900000005,1.8431319
62.32982106721013,120.01626899871182,-0.014386160230705864,4.28608539,1.92707
61.921761735481866,119.79399289388094,-0.028626329176686876,4.4644172399999995,2.0056159
61.44679945566101,119.57713398252505,-0.0318459815945057,4.64274909,2.0808068
60.98385099554241,119.40296453117713,-0.11007879760348317,4.9893236100000005,2.1117548
60.538892554065114,119.2668645161525,-0.07113455425739909,5.1578479800000006,2.1818989
60.02218797442565,119.14568101417741,-0.025045594294418154,5.32637244,2.2520192
59.53100547586833,119.05466442109218,-0.03274351090240313,5.4948951,2.3213341
59.071626549328094,118.98499768053064,-0.021182281721890246,5.663358629999999,2.3914275
58.59616645474938,118.92653740487384,-0.013024210857188016,5.83182216,2.4615209
58.04799568674828,118.87206404220461,-0.01156835389931286,6.00028569,2.5229625
57.594400166441595,118.83488873627003,-0.009726352328542453,6.16818123,2.4279704
57.12792957420251,118.80306251927237,-0.004324904265782145,6.32554902,2.4891345
56.587975858905764,118.77396288439229,0.004929425462663614,6.4829167199999995,2.5502987
56.09439559897442,118.75183790836263,-0.00229574307616282,6.64028442,2.5744078
55.587833934685605,118.72947270550826,-0.01184784797098663,6.93363168,2.390011
55.06840340677383,118.70845318346986,0.0008028268794810204,7.07181876,2.4371738
54.60300529639805,118.69292383129019,0.011126674551039014,7.21000575,2.4299983
54.05850652641424,118.6761030471551,0.0010532330953328503,7.345198079999999,2.2470315
53.571608551837734,118.65913528252933,-0.010605779146374839,7.4680335,2.2842975
53.07481082178526,118.64044880358398,-0.005550101431979965,7.5908690100000005,2.3215635
52.56819940818057,118.62259945077766,0.006457011133141987,7.713704430000001,2.2933273
52.051909370843134,118.60643831503673,0.007073320073315579,7.833154950000001,2.1450449
51.601907903304514,118.59219118904012,-0.0009587546455595291,7.94325627,2.1749848
51.06848013612319,118.5730536437586,-0.007904073075479098,8.053357590000001,2.2049247
50.60422443120696,118.55558724209826,-0.0024674660513904667,8.16345891,2.1659591
50.05420318261069,118.53637145926788,0.009414604426528786,8.36941419,2.0632707
49.57574681428782,118.52122482706082,0.008962493602833297,8.46864099,2.0875884
49.09086404531283,118.50584249260937,0.0006043957776837398,8.567867699999999,2.0357535
48.5994567118912,118.48816468492471,-0.00909237047800183,8.66353617,1.8919726
48.10192679906854,118.4682868265438,-0.00822466590655035,8.75151027,1.9110876
47.59816430756849,118.4478316467919,6.142631789043554e-05,8.83948428,1.9302026
47.08811455664077,118.42888737608682,0.008262038431337168,8.927458380000001,1.8810146
46.572037106710205,118.41105368532595,0.00585386648889759,9.012364380000001,1.71675
46.137530682683376,118.39594934419435,-0.00011982365075184532,9.089163450000001,1.7313173
45.6108813846238,118.37581409839275,-0.006425610530159966,9.165962610000001,1.7458845
45.078642414664095,118.3542048523291,-0.0023893431661614205,9.24276168,1.7148823
44.630936595446,118.33622661904332,0.0049638132964619835,9.31758084,1.5160755
44.08867537231475,118.31530996668884,0.008050652541230786,9.38322936,1.5267197
43.72429395805236,118.30136358798978,0.006317872110019928,9.44887788,1.537364
43.08150777152622,118.27520755952649,-0.0007401973116900686,9.5145264,1.5383605
42.61836905502214,118.25362946440839,-0.00493408700806373,9.57976713,1.2806731
42.05835204012245,118.22526211901669,-0.0005423524862868524,9.687717990000001,1.295064
41.58819202305527,118.20080908453004,0.007927216698835575,9.74169333,1.3022595
41.11500796413827,118.17597090337607,0.011508138346770056,9.79566876,1.0401596
40.638829872839786,118.15059075374495,0.01010785039950966,9.83856807,1.0022499
40.063739915998205,118.11818206538472,0.005332389557818891,9.87972768,1.0064341
39.58165743813771,118.08813128030279,0.0013590612641207294,9.92088729,1.0106182
39.097223598382655,118.0542136468913,-0.0022263003100066766,9.9620469,0.7746902
38.61059346455951,118.01629764214127,-0.0023958716940787926,9.993483000000001,0.6651307
38.121883192332824,117.9758485376309,0.004365588604344718,10.02039462,0.6669195
37.631139978678476,117.93387103547671,0.011516848225395063,10.047306330000001,0.6687082
37.2371909353384,117.89924805753375,0.013976971818143117,10.07421795,0.4768412
36.64425412060396,117.84550235762956,0.01243257876105419,10.09336419,0.2880005
36.148538426445455,117.7980914112179,0.010454301928881454,10.10491056,0.2883298
35.65165936328649,117.747140664219,0.00825198849516853,10.116456840000001,0.288659
35.15393746146038,117.69175562835896,0.006362836635164476,10.12800312,0.1539067
34.655655214125474,117.6312271480208,0.004753935063558403,10.134153990000001,-0.0993599
34.15707544932992,117.56513007103543,0.003489327998185122,10.13018355,-0.099321
33.65850858761136,117.49317175726809,0.0022971755455824536,10.12621302,-0.0992821
33.16025063833639,117.41522583155096,0.0012185004034173496,10.12224258,-0.1794591
32.662572314145386,117.3311719049811,5.929328099582153e-05,10.11506166,-0.4590481
32.165703842698164,117.24099634240939,-0.0009229095216222306,10.09667016,-0.4582127
31.669716974905093,117.1460989069191,0.0037928709940692473,10.07827857,-0.4573773
31.174711493050903,117.04800695702677,0.012487326979359076,10.059886980000002,-0.4997959
30.68120646068442,116.94717783499921,0.01729262907101363,10.03975119,-0.7607385
30.18920021337447,116.84396360140049,0.019098910060792673,10.009024740000001,-0.7584067
29.69907166987067,116.73797916251425,0.019499552054854243,9.978298290000001,-0.7560749
29.211222394301547,116.62834686160673,0.019207385154994885,9.94757193,-0.7809394
28.72596192864336,116.51417103477426,0.01884845803348926,9.91573506,-0.9911672
28.33983497396826,116.41900331011615,0.01951125315007557,9.87517998,-0.987105
27.76429686061899,116.26910486723773,0.01844791062279485,9.834624810000001,-0.9830429
27.288668092414376,116.13724480466065,0.018265187957913875,9.79406973,-1.0041427
26.81697382690515,115.9987797031972,0.018128112489632885,9.752470109999999,-1.1501176
26.34921498088529,115.85342213630632,0.01814020912180166,9.70460388,-1.1444589
25.886076418970664,115.70126088370861,0.01797535527283264,9.65673765,-1.1388001
25.336664697039012,115.50954643597028,0.01674503160565746,9.60887142,-1.1573959
24.884098749583416,115.3420608531677,0.016321262843140526,9.55997802,-1.2314026
24.436635945330675,115.16765795254116,0.0158305775830829,9.507682169999999,-1.224648
23.99456102844291,114.98641607114988,0.01500148190343343,9.45538632,-1.2178934
23.558090827462777,114.79845143632372,0.013977709438251782,9.40309047,-1.224516
23.041573316789837,114.56393717535076,0.012041549075014977,9.35021547,-1.2398583
22.617561465203824,114.361286508511,0.01066949154671166,9.296371440000001,-1.2326979
22.199283394333232,114.15211726425785,0.009326929529037206,9.2425275,-1.2255374
21.705038369789342,113.89268642098841,0.006965078088814745,9.188683469999999,-1.2156829
21.299876659242717,113.66978250157057,0.005170633458590593,9.13495896,-1.2064112
20.90101891812664,113.44102091701235,0.0008477793865252785,9.13495896,-1.2064112
20.430353411475203,113.15864483934396,-0.0019000605959451921,9.08132994,-1.1993078
19.968095167701435,112.86902228349093,0.002815995860424438,8.9740719,-1.1583471
19.58836717159873,112.62432224905115,0.008553543183794773,8.9740719,-1.1583471
19.213048404225926,112.37679521096493,0.01442638439947534,8.92165707,-1.1427196
18.694703788447065,112.02660876900222,0.015800469047550506,8.869645980000001,-1.1360383
18.329650748390524,111.77369778169165,0.017354713028946412,8.8176348,-1.129357
17.89782052815492,111.4664332839636,0.017648074070674993,8.76562371,-1.0735751
17.473534889341096,111.15450228234234,0.017917996015181042,8.71589376,-1.0635469
17.126020206143135,110.89051744919945,0.019467962288680307,8.666347049999999,-1.0574838
16.784086424131697,110.62254151641874,0.02154420068141916,8.616800249999999,-1.0458381
16.315190775236395,110.2406452700254,0.021882398457278483,8.56751733,-0.9547213
15.922700190290339,109.90720797765249,0.023368499640459138,8.522279280000001,-0.9496669
15.602218254002148,109.62499874505068,0.026178393680305282,8.47704114,-0.9446124
15.163578574741667,109.22334761747582,0.027457791146016184,8.431803089999999,-0.9030361
14.857420424753167,108.93197993401068,0.030896705952285147,8.38832805,-0.6925467
14.498622426022129,108.57703674643953,0.029287403392439546,8.35483338,-0.6897758
14.14879390759414,108.21614864785975,0.029887725621502628,8.321338619999999,-0.687005
13.808014175416316,107.84923106339618,0.031346624241829636,8.287843950000001,-0.6344702
13.476928142393954,107.47644583340728,0.02973983554200213,8.2567899,-0.421586
13.103456075326443,107.03364565584528,0.02436510125040435,8.23609062,-0.4205278
12.79417089573009,106.64724738003076,0.02397241918009969,8.21539143,-0.4194696
12.49456705451783,106.25497513524064,0.02562651814330766,8.19469224,-0.3741449
12.203980743847596,105.85740584157959,0.02813380126897166,8.17618536,-0.1789777
11.921758494801686,105.45512506442421,0.030946309959065794,8.167317480000001,-0.1787835
11.647369736902005,105.04854153708551,0.03397935253686021,8.15844969,-0.1785893
11.380903637936166,104.63747224717804,0.03297646288882741,8.14958181,-0.147071
11.123710190167904,104.22113167220533,0.025371305154236665,8.14227174,0.0484013
10.83587173392089,103.72875580115286,0.02091191771500802,8.14467825,0.0484156
10.59946038941493,103.30105676884513,0.02200792634987823,8.14708467,0.0484299
10.371821282324671,102.86860490348155,0.024334980196226964,8.14949118,0.0596119
10.152174480776925,102.43199132176352,0.026976266496260608,8.15245236,0.2519535
9.939919863496453,101.99165001695305,0.029606449934985613,8.16495588,0.2523397
9.734666817507389,101.54783632007127,0.03227126446694981,8.1774594,0.2527258
9.504149167200511,101.0255532281592,0.031083731575033857,8.189963010000001,0.2531119
9.346047437659172,100.64926326073335,0.029509494844346597,8.20246653,0.4209794
9.134600387137036,100.11776204056639,0.025912141471243436,8.22322053,0.4324365
8.962489981549512,99.65794842559153,0.02712646893805908,8.24448501,0.4335533
8.798400591441117,99.19438112348607,0.0293796044816298,8.265749399999999,0.4346701
8.641765201192499,98.72728458551467,0.03193068720693817,8.28701379,0.5578636
8.516903037502088,98.33538034921321,0.03301949469289456,8.31422529,0.5894205
8.3510861017983,97.78265904045013,0.030573601687995507,8.34287958,0.5914484
8.217137960692074,97.30510381761337,0.031713483818842515,8.37153396,0.5934763
8.090570303861718,96.82417175025276,0.03359228304034183,8.400188250000001,0.6746138
7.952737968132716,96.25866185873373,0.02914065665624261,8.4326418,0.7200767
7.844615050760349,95.76983486427915,0.02125059291496887,8.46714528,0.723017
7.746096950597476,95.27724010562876,0.01810382983531332,8.50164867,0.7259572
7.671223899858844,94.86396409272659,0.018516775635588383,8.536152060000001,0.7479215
7.589379814012692,94.3649179593866,0.01910347667700903,8.5715541,0.7716882
7.527228135271481,93.94654364073575,0.02023018114312982,8.6079285,0.774956
7.448668299693432,93.35733403475477,0.019868183186647632,8.64430299,0.7782238
7.388765706121295,92.84906983926842,0.01974604617078906,8.680677390000001,0.7159819
7.3439542643500175,92.42330911091298,0.02010564013325581,8.714008530000001,0.5647042
7.288965624312602,91.82409669152443,0.01893100085823176,8.740207530000001,0.5663994
7.249085156046189,91.3075999583059,0.018504351786449057,8.76640653,0.5680947
7.221030172788968,90.87531471952578,0.0188719889078761,8.79260562,0.5233281
7.193646872066249,90.35448831396738,0.018736898346863026,8.81667117,0.1287664
7.173223416567469,89.83156638831191,0.01884220647519662,8.82258255,0.1288527
7.159870230302074,89.30689341480483,0.019146813411173604,8.82849393,0.128939
7.154225010293729,88.86860698922702,0.02039792927475885,8.834405219999999,0.1290253
7.154160773919057,88.34167377007859,0.021016999555456307,8.8403166,-3.0553232
7.161525397510718,87.81476915422706,0.021464396968208836,8.69925699,-3.3400835
7.176538663501766,87.29247033141644,0.02009150416561385,8.54238591,-3.2793048
7.195382546967294,86.8628808178178,0.01818740276909382,8.38551474,-3.218526
7.22639274017899,86.35576993524442,0.012826317506635978,8.228643570000001,-3.7608714
7.26761689124299,85.85938361173348,0.005038667571988251,8.0414622,-3.8959564
7.320235813691902,85.37432362505774,-0.004942365846079104,7.84284813,-3.7985279
7.395926829019116,84.82444679981086,-0.015009028152748221,7.644233970000001,-3.7010994
7.470466502347647,84.36733903071273,-0.012752650236121158,7.4456199000000005,-4.1659761
7.565052482230099,83.84833614469916,-0.001314360790454298,7.215521580000001,-4.3547362
7.662684453706914,83.3429305119094,0.01477783276007617,6.9668784,-4.2020434
7.760928472575709,82.85539770105703,0.016900165278313676,6.71823522,-4.0493506
7.846187526221037,82.45064291235751,0.006963328373921723,6.71823522,-4.0493506
7.979540104477179,81.86388070330894,-0.0031134991960021924,6.20333235,-4.1316794
8.103053309122455,81.36708044076144,-0.009420580429453774,6.20333235,-4.1316794
8.227741347881366,80.88909401456604,0.004844818224092198,5.927529150000001,-3.9438064
8.349740309393624,80.43011210504024,0.013051427486663231,5.65172586,-3.7559334
8.485530855342802,79.93512491889747,0.0018951672960619084,5.3759226600000005,-3.8868345
8.621545967483472,79.46344707864611,-0.00967341016562544,5.0747494500000006,-3.7409718
8.767284759573913,78.9674194670035,0.007668411132672641,4.76694207,-3.5069676
8.905218173538492,78.49648711387997,0.0029963616807458368,4.4591346000000005,-3.2279337
9.052184464733784,78.00722816350599,-0.016996036121075305,4.4591346000000005,-3.2279337
9.191439800127485,77.54284800537229,-0.012415689711322078,4.1557167,-1.5777051
9.326453331927494,77.06077656386424,-0.017207066621725643,3.99904929,-1.5170841
9.456681335503104,76.55464568176788,-0.049860292997315495,3.84238188,-1.4564631
9.558217891807361,76.10009025314712,-0.0718526813606677,3.68571438,-1.5106172
9.645487105180159,75.58409477894855,0.029105044630088863,3.68571438,-1.5106172
9.70046457350658,75.0837682459811,-0.0006745105277904882,3.51585414,-1.6409634
9.715516927066497,74.60439392906619,0.0016149841340351951,3.32150859,-1.5476777
9.691534794594565,74.1138978380152,-0.14101464477303566,3.12716295,-1.454392
9.61032743419512,73.6288307849103,-0.07567628479871692,2.9328174000000002,1.2746952
9.458785530493799,73.18128483627221,-0.2719632898682329,3.10380966,2.2904609
9.275567001648232,72.76623052283135,-0.3156444712481136,3.3894531,2.491979
8.999474726910465,72.4173887614905,0.11552544731052786,3.6750966299999996,2.5895449
8.654510146607324,72.04686812803548,-0.25283338652616016,3.9500991900000004,0.1605882
8.297605445920201,71.68594695565203,0.0621450085299441,3.9665254500000002,0.1612546
7.913332403757217,71.37730416179,0.2180282056848713,3.9829517100000005,0.161921
7.556956409653183,71.02070422611769,-0.08379424697704863,3.9993779700000003,1.1900441
7.230671535408493,70.62321771680584,0.027202144785383287,4.11809328,2.2586821
6.931257040885669,70.23899146016998,0.10085483171118563,4.334479920000001,2.3743271
6.685868320016996,69.84674439121146,-0.01645564247006855,4.550866650000001,2.489972
6.4745660382498365,69.4142105906567,0.01937414351270035,4.7672533800000005,2.2891608
6.274119005352265,68.95507383500015,0.17795603234086554,5.14340685,2.3995268
6.110746871378537,68.50982149412252,0.077189189776543,5.32895031,2.4845538
5.968053197110943,67.98564670871522,-0.000528290854308735,5.51449377,2.1868207
5.86805625344976,67.53394628645033,0.029808871184149554,5.672783610000001,2.2222837
5.763562353297537,67.01150806967468,0.03896776956363567,5.82923871,2.2827405
5.677011854181122,66.52282506878512,0.015486071586577334,5.985693810000001,2.3431973
5.600451200661719,66.01678127970142,0.0023596166456816407,6.1421489099999995,2.2199718
5.539808978209075,65.55296839404332,-0.0018019755760967354,6.28678548,2.2518077
5.490699002934909,65.13678819223469,0.00181602052680205,6.430173300000001,2.3025874
5.427888102676255,64.58791882119074,0.013829635116875778,6.57356121,2.3533672
5.373397707851765,64.08701526553845,0.010635074839763989,6.85076229,2.2432409
5.322304747446292,63.57355218832932,-0.00236693908671023,6.98208165,2.2858324
5.275116886564154,63.04750354336238,-0.0040254894398625155,7.11340101,2.328424
5.233487195223212,62.57727804415701,0.009430635651352834,7.24472046,2.2122071
5.190869131522159,62.09819781686541,0.007749490945762836,7.367317290000001,2.1747084
5.143039942915934,61.53914542427336,-0.005339952268312024,7.4858793299999995,2.2094265
5.102605340044872,61.0400365559225,-0.005492872429301596,7.60444128,2.2441447
5.067147998510827,60.605280285066755,0.003336302835382623,7.72300332,2.1509615
5.023410469431925,60.08966735637633,0.007612877580575087,7.83495855,2.0909873
4.978966041839983,59.56492120635987,-0.0012676647797295849,7.9422795,2.1194342
4.942225078160242,59.108086633059656,-0.010040046689304227,8.04960054,2.1478812
4.900218346807619,58.566843657805926,-0.008002096879399224,8.259535080000001,2.0102748
4.863037012034093,58.09592001213102,0.0019666937238653655,8.357499090000001,2.0339775
4.822925696765645,57.61900065443142,0.010085590023811866,8.45546301,2.0576802
4.773828725583202,57.054856707942,0.0036893562317570185,8.55342693,2.0083342
4.7319224613629425,56.56452217053054,-0.006173001866748825,8.647971570000001,1.9320289
4.691132747156418,56.067975748975606,-0.008109728069144376,8.737958610000002,1.9520287
4.650203723317038,55.565446446648636,-0.001091930567171577,8.82794565,1.9720286
4.6145676596033125,55.1421320502077,0.006557081774156765,8.917932780000001,1.9361832
4.570033279419267,54.62868352346912,0.006340642824938791,9.00540936,1.8562334
4.532348838193442,54.196307481589784,0.0004762532853696119,9.088483320000002,1.8732783
4.481227892051872,53.584125360466466,-0.009469372803568358,9.17155728,1.8903233
4.446183848849606,53.14188195037237,-0.010091770250462543,9.25463124,1.8645989
4.404445431359836,52.60578677388276,-0.0038517065233410626,9.33585057,1.7828323
4.368312342873148,52.15477157070279,0.0029756165922612686,9.412852860000001,1.7974767
4.321528209670013,51.608712763253756,0.00926063495303888,9.48985515,1.8121212
4.280408671442002,51.149593588746,0.007183460539336181,9.566857440000001,1.7940829
4.230201154809173,50.59382240744072,0.0001999492556410345,9.6424875,1.7117825
4.189574341682813,50.12665845722909,-0.006329922834448345,9.71409924,1.7244483
4.150990877302582,49.655662107137246,-0.009914542021069889,9.78571098,1.7371141
4.106127370080983,49.08544348176249,-0.006905727934240769,9.92792304,1.6430351
4.068448343087695,48.606346242181566,-0.00012278694985937467,9.99470583,1.6540504
4.028666063147451,48.12379948092587,0.007197643784152631,10.06148862,1.6650656
3.994984219641708,47.73532301452629,0.008396118745464493,10.06148862,1.6650656
3.942406645422183,47.14862109190694,0.005663882452509757,10.194317100000001,1.5765324
3.8981432050689726,46.655789949756794,-0.0006988466699113501,10.2567411,1.5861567
3.855199624839619,46.15925691522663,-0.006817370217102046,10.3191651,1.595781
3.813428484031721,45.65913701316766,-0.006414516169586719,10.381589100000001,1.5909958
3.772090534301897,45.155571371066756,-0.0016124617963523408,10.44345447,1.5055752
3.7297091082413103,44.64886793812746,0.004761888704326535,10.50166269,1.5139435
3.6852144429705156,44.13904270905408,0.008771449169817211,10.55987082,1.5223117
3.639179790921905,43.62600837746791,0.006602559161641213,10.61807904,1.5211053
3.5926544827463722,43.10977785739694,0.0012989230871218232,10.67592411,1.4413338
3.5562099180582574,42.6945162892307,-0.003864445574017449,10.73044791,1.4486762
3.512676669992229,42.172561870291446,-0.008873172796694036,10.78497162,1.4560185
3.4707598442241716,41.64739910720031,-0.007427253731354259,10.83949542,1.45768
3.4294565613978207,41.119069921856855,-0.0024623077567258525,10.89380808,1.384238
3.404214909890474,40.800637417524136,0.0013123982664814378,10.94513481,1.3907446
3.3510288526301863,40.16081896764752,0.008370264433462915,10.99646154,1.3972512
3.304085411324522,39.624670347512584,0.00808018257713779,11.047788270000002,1.3563833
3.275112761271713,39.301634063009985,0.0059675303731145405,11.09738664,0.0
3.2169827045330894,38.65262009791466,-0.0014093514726692517,11.09738664,0.0
3.1793667012391214,38.21779661710064,-0.006554653510640201,11.09738664,0.0
3.133693508451246,37.67231989673808,-0.007393280902851633,11.09738664,5.3971634
3.097963544338309,37.23468462115,-0.004861135478229289,11.292585120000002,1.2760534
3.0531108080062133,36.685759662191806,0.000678991421261003,11.33824482,1.2812025
3.015881635049061,36.244395271502796,0.005684236003777276,11.38390443,1.2863516
2.9676481302026243,35.690059946242535,0.00673416120835435,11.42956413,1.2915007
2.927981020089356,35.24450125798514,0.004144116131129918,11.475223830000001,1.2259031
2.878171626035197,34.68488811784217,-0.001462486224832739,11.51839692,1.2277509
2.8392916250693556,34.235128756462736,-0.006639328570591584,11.561473529999999,1.2323339
0.0,0.0,0.0,0.0,0.0
