10.1686212,-65.5473928,-0.3829974,11.0721434,2.8415971
10.2807852,-65.2689636,-0.3829197,11.1488625,2.8074104
10.3928513,-64.9907217,-0.3828579,11.2241436,2.7736350
10.5049455,-64.7123662,-0.3828093,11.2980265,2.7402660
10.6170827,-64.4338630,-0.3827531,11.3705491,2.7072984
10.7289371,-64.1560122,-0.3826848,11.4417477,2.6747275
10.8411356,-63.8772501,-0.3826194,11.5116574,2.6425484
10.9531031,-63.5990215,-0.3825839,11.5803115,2.6107564
11.0650031,-63.3209439,-0.3825761,11.6477423,2.5793469
11.1771739,-63.0421831,-0.3825499,11.7139806,2.5483153
11.2889139,-62.7644583,-0.3824896,11.7790563,1.2760487
11.4010651,-62.4856688,-0.3824887,11.8115077,-14.4464084
11.5130387,-62.2074248,-0.3827558,11.4387411,-14.3006139
11.6249906,-61.9295580,-0.3832585,11.0573664,-14.0961637
11.7373864,-61.6508303,-0.3832005,10.6681095,-13.6357723
11.8491799,-61.3732034,-0.3822741,10.2775472,-13.6367689
11.9610785,-61.0944659,-0.3816277,9.8715142,-12.7810689
12.0729661,-60.8162827,-0.3836492,9.4751767,-12.7828482
12.1857466,-60.5385438,-0.3876866,9.0614617,-11.6273621
12.2991283,-60.2604054,-0.3849014,8.6680113,-9.4327321
12.4100400,-59.9823730,-0.3726464,8.3351897,-9.4155106
12.5170386,-59.7016803,-0.3563064,7.9891606,-10.1767059
12.6197303,-59.4200796,-0.3436969,7.5974548,-9.1456645
12.7194410,-59.1366888,-0.3309839,7.2273446,-4.7058618
12.8125837,-58.8510053,-0.2946960,7.0293169,-0.9790890
12.8907940,-58.5626315,-0.2304018,6.9874105,-0.9790890
12.9498623,-58.2678913,-0.1695666,6.9452513,3.4012981
12.9947101,-57.9718309,-0.1355918,7.0906329,4.2917699
13.0332990,-57.6748275,-0.1259922,7.2699285,-9.3913381
13.0717522,-57.3776244,-0.1342693,6.8715109,-10.2285929
13.1151145,-57.0805055,-0.1543538,6.4094590,-6.9503771
13.1595787,-56.7834539,-0.1339345,6.0754742,-0.7314023
13.1899068,-56.4853972,-0.0597928,6.0392543,-0.7314023
13.1962003,-56.1863988,0.0071628,6.0028158,4.5773971
13.1918908,-55.8860952,0.0110761,6.2273543,4.5223274
13.1939808,-55.5859392,-0.0203733,6.4415097,1.7122029
13.1983668,-55.2857582,0.0010862,6.5207560,-0.8425425
13.1874725,-54.9863218,0.0788113,6.4818814,-0.8425425
13.1528839,-54.6889352,0.1469897,6.4427724,4.1105309
13.1029567,-54.3924790,0.1810553,6.6313927,4.4181410
13.0464636,-54.0980528,0.2004017,6.8283212,4.3649872
12.9820122,-53.8050958,0.2353517,7.0174555,3.9763711
12.9053362,-53.5152541,0.2811525,7.1854191,4.2646341
12.8180990,-53.2283448,0.3044321,7.3613011,4.2133271
12.7280882,-52.9416771,0.2993703,7.5310344,4.1626375
12.6412156,-52.6548177,0.2921423,7.6950499,4.1125576
12.5534160,-52.3679410,0.3052348,7.8537292,4.0630803
12.4594781,-52.0833437,0.3317637,8.0074121,4.0141982
12.3595412,-51.8005361,0.3449069,8.1564030,3.9659042
12.2580053,-51.5178405,0.3422987,8.3009757,3.9181912
12.1582942,-51.2352275,0.3367810,8.4413778,3.8710523
12.0593878,-50.9518412,0.3355245,8.5778343,3.8244805
11.9604566,-50.6688944,0.3372029,8.7105501,3.7784689
11.8610772,-50.3858854,0.3380160,8.8397127,3.7330109
11.7615262,-50.1026283,0.3377666,8.9654943,3.6880998
11.6622682,-49.8198392,0.3374091,9.0880531,3.6437291
11.5628941,-49.5365342,0.3373587,9.2075357,3.5998921
11.4636325,-49.2536194,0.3375088,9.3240772,3.5565826
11.3642867,-48.9705780,0.3375994,9.4378036,3.5137940
11.2648723,-48.6873914,0.3376222,9.5488317,3.4715203
11.1655798,-48.4045671,0.3376471,9.6572706,3.4297552
11.0661298,-48.1213305,0.3377023,9.7632222,3.3884925
10.9667901,-47.8384698,0.3377789,9.8667819,3.3477262
10.8673719,-47.5554554,0.3378564,9.9680392,3.3074504
10.7678729,-47.2722814,0.3379341,10.0670782,3.2676592
10.6684810,-46.9894836,0.3380144,10.1639779,3.2283466
10.5689289,-46.7063039,0.3380987,10.2588132,3.1895071
10.4694571,-46.4234309,0.3381854,10.3516543,3.1511348
10.3699263,-46.1404674,0.3382707,10.4425679,3.1132241
10.2703085,-45.8573334,0.3383544,10.5316171,3.0757695
10.1707843,-45.5745392,0.3384345,10.6188616,3.0387656
10.0711365,-45.2914646,0.3385104,10.7043583,3.0022068
9.9715244,-45.0085580,0.3385813,10.7881610,2.9660879
9.8718872,-44.7256408,0.3386453,10.8703210,2.9304035
9.7721798,-44.4425791,0.3387020,10.9508873,2.8951484
9.6725362,-44.1597458,0.3387504,11.0299064,2.8603175
9.5728296,-43.8767734,0.3387896,11.1074228,2.8259056
9.4731243,-43.5938358,0.3388195,11.1834790,2.7919077
9.3734213,-43.3109270,0.3388391,11.2581156,2.7583188
9.2736983,-43.0279748,0.3388484,11.3313715,2.7251341
9.1739815,-42.7450436,0.3388471,11.4032840,2.6923485
9.0742739,-42.4621328,0.3388351,11.4738887,2.6599575
8.9745594,-42.1791865,0.3388124,11.5432199,2.6279561
8.8748505,-41.8962309,0.3387795,11.6113104,2.5963397
8.7751951,-41.6133930,0.3387365,11.6781919,2.5651036
8.6754765,-41.3303326,0.3386838,11.7438947,2.5342434
8.5758311,-41.0474281,0.3386222,11.8084481,2.5037544
8.4761977,-40.7644980,0.3385519,11.8718801,2.4736323
8.3765449,-40.4814466,0.3384750,11.9342179,2.4438725
8.2770128,-40.1986657,0.3383921,11.9954876,2.4144708
8.1773757,-39.9155085,0.3383031,12.0557144,2.3854228
8.0778430,-39.6325653,0.3382087,12.1149226,2.3567243
7.9783546,-39.3496603,0.3381095,12.1731357,2.3283710
7.8788057,-39.0664946,0.3380140,12.2303764,2.3003588
7.7794249,-38.7837238,0.3379252,12.2866665,2.2726837
7.6799136,-38.5005018,0.3378334,12.3420273,2.2453415
7.5805139,-38.2175049,0.3377203,12.3964792,2.2183283
7.4811882,-37.9346068,0.3375906,12.4500422,2.1916400
7.3817699,-37.6513525,0.3375325,12.5027355,2.1652728
7.2825189,-37.3685690,0.3375778,12.5545776,-0.6491557
7.1830871,-37.0853240,0.3375831,12.5390577,-14.7208124
7.0837836,-36.8022978,0.3372451,12.1818072,-14.6392860
6.9846667,-36.5193440,0.3366320,11.8158283,-14.1757325
6.8855020,-36.2360294,0.3369775,11.4502957,-13.4704695
6.7861976,-35.9532573,0.3387087,11.0917923,-13.4721386
6.6862209,-35.6702196,0.3396170,10.7212612,-11.7361240
6.5867719,-35.3872578,0.3354639,10.3877102,-11.7358700
6.4892373,-35.1037459,0.3271135,10.0430950,-11.9086913
6.3932030,-34.8194756,0.3262892,9.6808733,-9.1741602
6.2959322,-34.5359009,0.3364190,9.3923055,-9.1397646
6.1954435,-34.2529584,0.3413202,9.0957206,-2.7553313
6.0978797,-33.9693582,0.3163001,9.0043940,-1.6065895
6.0116432,-33.6823966,0.2664380,8.9507129,-1.6065895
5.9377581,-33.3916669,0.2361905,8.8967079,3.7127391
5.8684122,-33.0998115,0.2352470,9.0210208,3.6680719
5.7966446,-32.8084622,0.2468242,9.1421782,3.6239421
5.7224022,-32.5179011,0.2525134,9.2603215,3.5803432
5.6473703,-32.2275644,0.2523109,9.3755816,3.5372688
5.5732189,-31.9369276,0.2463417,9.4880801,3.4947126
5.5016169,-31.6455540,0.2346572,9.5979303,3.4526685
5.4337547,-31.3534623,0.2224703,9.7052380,3.4111301
5.3689313,-31.0605306,0.2136563,9.8101021,3.3700915
5.3061734,-30.7672910,0.2090872,9.9126152,3.3295466
5.2436758,-30.4739633,0.2120734,10.0128645,-8.1600523
5.1791127,-30.1808631,0.2224649,9.7653443,-9.1287571
5.1127913,-29.8883728,0.2193326,9.4807849,-1.7810845
5.0510196,-29.5947825,0.1912635,9.4242637,-1.7810845
5.0003976,-29.2993528,0.1504626,9.3674015,1.2446193
4.9587823,-29.0022595,0.1319495,9.4071729,3.5253696
4.9190442,-28.7047494,0.1369877,9.5189231,3.4829566
4.8767346,-28.4078679,0.1451859,9.6280552,3.4410539
4.8328131,-28.1110696,0.1477029,9.7346729,3.3996553
4.7889256,-27.8144604,0.1457340,9.8388735,3.3587547
4.7458667,-27.5175912,0.1420839,9.9407478,3.3183462
4.7041089,-27.2204560,0.1369878,10.0403815,3.2784239
4.6638751,-26.9233236,0.1323879,10.1378550,3.2389819
4.6247964,-26.6257651,0.1289791,10.2332441,3.2000143
4.5865909,-26.3283626,0.1267335,10.3266204,3.1615156
4.5488729,-26.0307603,0.1255839,10.4180513,3.1234801
4.5113279,-25.7330781,0.1255072,10.5076011,3.0859021
4.4737017,-25.4356025,0.1262492,10.5953303,3.0487763
4.4357101,-25.1378911,0.1277249,10.6812964,3.0120971
4.3973364,-24.8405094,0.1283318,10.7655542,2.9758592
4.3593398,-24.5429351,0.1250020,10.8481556,2.9400572
4.3229108,-24.2451175,0.1180897,10.9291503,2.9046860
4.2883822,-23.9472512,0.1133984,11.0085853,2.8697403
4.2546179,-23.6490480,0.1127693,11.0865058,2.8352150
4.2206045,-23.3511247,0.1144774,11.1629546,2.8011052
4.1862055,-23.0531199,0.1151869,11.2379731,2.7674056
4.1517478,-22.7550652,0.1148796,11.3116004,2.7341115
4.1174331,-22.4571627,0.1145333,11.3838743,2.7012180
4.0831542,-22.1590407,0.1144752,11.4548309,2.6687202
4.0488816,-21.8611197,0.1145901,11.5245049,2.6366134
4.0145737,-21.5631116,0.1146356,11.5929293,2.6048928
3.9802567,-21.2650433,0.1146080,11.6601363,2.5735539
3.9459681,-20.9671266,0.1145769,11.7261564,2.5425920
3.9116654,-20.6690360,0.1145682,11.7910193,2.5120026
3.8773787,-20.3710848,0.1145727,11.8547533,-1.5573268
3.8430858,-20.0730809,0.1145682,11.8152817,-14.6182654
3.8087895,-19.7750222,0.1145544,11.4381320,-14.4457057
3.7745127,-19.4771072,0.1145534,11.0527992,-14.2659169
3.7402149,-19.1790364,0.1145746,10.6585992,-14.1038489
3.7059178,-18.8810424,0.1145944,10.2539913,-13.9126564
3.6716224,-18.5830269,0.1145437,9.8385791,-13.7451864
3.6373523,-18.2850007,0.1144229,9.4101760,-13.5645386
3.6031200,-17.9871219,0.1144607,8.9673609,-13.3408743
3.5688136,-17.6890687,0.1147809,8.5094005,-13.2728261
3.5344018,-17.3911616,0.1151181,8.0278924,-12.9251864
3.5000123,-17.0931825,0.1145121,7.5294605,-12.7056365
3.4659159,-16.7948091,0.1128972,7.0050134,-12.5469258
3.4320361,-16.4953850,0.1130742,6.4453755,-12.0025295
3.3977345,-16.1977674,0.1170744,5.8602150,-12.0025464
3.3605682,-15.8901044,0.1219076,5.2097375,-10.7655345
3.3246435,-15.5864831,0.1099313,4.5478278,-9.6073769
3.2975461,-15.2931612,0.0682658,3.8625031,-9.3915529
3.2840806,-14.9889012,0.0261399,3.0470647,-5.8570141
3.2803741,-14.6986104,-0.0505796,2.4022431,-0.1143483
3.3649413,-14.4345649,-0.6325336,2.3879217,-0.1143483
3.5769944,-14.2459863,-0.9903016,2.3735139,5.1870274
3.8498207,-14.0973497,-1.1317985,2.9572708,5.1246233
4.1188465,-13.9807134,-1.1834022,3.4380074,5.0629700
4.4178469,-13.8623102,-1.1988427,3.8545234,5.0020585
4.6927801,-13.7550016,-1.1981969,4.2259039,4.9418797
4.9739463,-13.6447592,-1.1957698,4.5632306,4.8824250
5.2574036,-13.5325266,-1.1915086,4.8736243,2.4067006
5.5458478,-13.4168653,-1.1877901,5.0195696,-12.3054460
5.8230691,-13.3049239,-1.1866936,4.2206166,-11.6024339
6.1089606,-13.1894766,-1.1850649,3.2943726,-9.5723549
6.4033189,-13.0614248,-1.1137428,2.2605518,-0.1012570
6.6284444,-12.9102702,-0.7471737,2.2470752,-0.1012570
6.7706606,-12.6696277,-0.5330300,2.2335172,2.1240405
6.8880714,-12.3990471,-0.1628301,2.5025760,-0.1255926
6.8764362,-12.1203751,0.1867236,2.4874765,5.1759183
6.7844406,-11.8137089,0.3857859,3.0484023,5.1136479
6.6481323,-11.5412780,0.5278422,3.5157668,5.0521267
6.4880892,-11.2861876,0.5785476,3.9232088,4.9913456
6.3249496,-11.0317712,0.5536393,4.2878961,4.9312957
6.1706160,-10.7744735,0.5306294,4.6200122,4.8719683
6.0195935,-10.5157851,0.5299518,4.9261933,4.8133547
5.8669147,-10.2580287,0.5385894,5.2110539,4.7554462
5.7125324,-10.0007076,0.5411798,5.4779599,4.6982344
5.5583284,-9.7435482,0.5388402,5.7294574,4.6417109
5.4047102,-9.4860736,0.5373129,5.9675297,4.5858674
5.2509871,-9.2280018,0.5373902,6.1937578,4.5306958
5.0976512,-8.9708393,0.5378739,6.4094275,4.4761879
4.9437856,-8.7129557,0.5379620,6.6156017,4.4223358
4.7902290,-8.4555412,0.5377712,6.8131713,4.3691316
4.6366334,-8.1979732,0.5376857,7.0028923,4.3165675
4.4827684,-7.9399432,0.5377332,7.1854132,4.2646358
4.3293791,-7.6827561,0.5378176,7.3612954,4.2133288
4.1755018,-7.4247966,0.5378905,7.5310288,4.1626391
4.0219203,-7.1673734,0.5379581,7.6950446,4.1125593
3.8682319,-6.9098141,0.5380393,7.8537241,4.0630819
3.7142919,-6.6518851,0.5381351,8.0074071,4.0141998
3.5607294,-6.3946460,0.5382327,8.1563981,3.9659058
3.4067997,-6.1368478,0.5383262,8.3009710,3.9181928
3.2530331,-5.8793761,0.5384145,8.4413732,3.8710538
3.0992252,-5.6218846,0.5384949,8.5778299,3.8244820
2.9452261,-5.3641177,0.5385672,8.7105458,3.7784704
2.7914639,-5.1067866,0.5386286,8.8397085,3.7330124
2.6375239,-4.8491902,0.5386776,8.9654902,3.6881013
2.4835991,-4.5916443,0.5387130,9.0880492,3.6437305
2.3296990,-4.3341548,0.5387297,9.2075318,3.5998936
2.1757746,-4.0766289,0.5387269,9.3240734,3.5565840
2.0218422,-3.8190840,0.5387132,9.4377999,3.5137955
1.8679621,-3.5616175,0.5386958,9.5488281,3.4715217
1.7140728,-3.3041245,0.5386754,9.6572671,3.4297565
1.5601752,-3.0466058,0.5386563,9.7632188,3.3884938
1.4063436,-2.7891870,0.5386392,9.8667785,3.3477276
1.2524320,-2.5316248,0.5386231,9.9680359,3.3074517
1.0985739,-2.2741425,0.5386068,10.0670749,3.2676605
0.9447186,-2.0166554,0.5385903,10.1639748,3.2283479
0.7908368,-1.7591143,0.5385742,10.2588101,3.1895083
0.6370200,-1.5016728,0.5385586,10.3516513,3.1511360
0.4831347,-1.2441077,0.5385434,10.4425649,3.1132253
0.3292928,-0.9866064,0.5385285,10.5316142,3.0757708
0.1754656,-0.7291211,0.5385138,10.6188588,3.0387668
0.0215979,-0.4715594,0.5384995,10.7043555,3.0022080
-0.1322035,-0.2141004,0.5384854,10.7881582,2.9660891
-0.2860645,0.0434664,0.5384717,10.8703183,2.9304047
-0.4398923,0.3009857,0.5384582,10.9508846,2.8951496
-0.5936944,0.5584697,0.5384451,11.0299038,2.8603186
-0.7475500,0.8160508,0.5384322,11.1074202,2.8259067
-0.9013371,1.0735247,0.5384196,11.1834765,2.7919088
-1.0551763,1.3310932,0.5384073,11.2581132,2.7583199
-1.2089916,1.5886288,0.5383952,11.3313691,2.7251352
-1.3627709,1.8461111,0.5383835,11.4032816,2.6923496
-1.5166160,2.1037103,0.5383720,11.4738864,2.6599585
-1.6703899,2.3611969,0.5383607,11.5432176,2.6279571
-1.8242100,2.6187674,0.5383498,11.6113082,2.5963407
-1.9780141,2.8763176,0.5383391,11.6781897,2.5651047
-2.1317729,3.1337979,0.5383287,11.7438926,2.5342444
-2.2856091,3.3914140,0.5383185,11.8084460,2.5037554
-2.4393708,3.6489111,0.5383086,11.8718780,2.4736333
-2.5931744,3.9064840,0.5382990,11.9342159,2.4438735
-2.7469686,4.1640469,0.5382896,11.9954856,2.4144718
-2.9007092,4.4215253,0.5382805,12.0557125,2.3854237
-3.0545380,4.6791567,0.5382717,12.1149207,2.3567252
-3.2082884,4.9366621,0.5382631,12.1731338,2.3283719
-3.3620782,5.1942381,0.5382548,12.2303745,2.3003598
-3.5158636,5.4518118,0.5382467,12.2866646,2.2726846
-3.6695885,5.7092885,0.5382389,12.3420254,2.2453424
-3.8234111,5.9669335,0.5382314,12.3964774,2.2183292
-3.9771511,6.2244446,0.5382241,12.4500405,2.1916409
-4.1309300,6.4820249,0.5382171,12.5027337,2.1652737
-4.2847076,6.7396070,0.5382103,12.5545759,2.1392237
-4.4384195,6.9970831,0.5382038,12.6055850,2.1134872
-4.5922369,7.2547395,0.5381976,12.6557785,2.0880603
-4.7459671,7.5122533,0.5381916,12.7051734,2.0629392
-4.8997384,7.7698396,0.5381859,12.7537861,2.0381204
-5.0535087,8.0274274,0.5381805,12.8016328,2.0136002
-5.2072110,8.2849044,0.5381753,12.8487288,1.9893750
-5.3610240,8.5425698,0.5381703,12.8950894,1.9654413
-5.5147445,8.8000830,0.5381656,12.9407290,1.9417954
-5.6685117,9.0576774,0.5381612,12.9856621,1.9184341
-5.8222751,9.3152676,0.5381570,13.0299024,1.8953538
-5.9759716,9.5727483,0.5381531,13.0734635,1.8725512
-6.1297812,9.8304207,0.5381494,13.1163584,1.8500229
-6.2834918,10.0879292,0.5381459,13.1585999,1.8277657
-6.4372558,10.3455291,0.5381427,13.2002005,1.8057762
-6.5910099,10.6031144,0.5381400,13.2411723,1.7840513
-6.7447014,10.8605961,0.5381377,13.2815270,1.7625877
-6.8984715,11.1182108,0.5381362,13.3212761,1.7413824
-7.0521925,11.3757438,0.5381353,13.3604310,1.7204322
-7.2059117,11.6332739,0.5381352,13.3990023,1.6997340
-7.3596489,11.8908342,0.5381359,13.4370010,1.6792849
-7.5133939,12.1484069,0.5381372,13.4744372,1.6590817
-7.6670872,12.4058920,0.5381398,13.5113212,1.6391217
-7.8208728,12.6635296,0.5381441,13.5476628,1.6194017
-7.9745507,12.9209837,0.5381504,13.5834717,1.5999190
-8.1282907,13.1785374,0.5381598,13.6187574,1.5806707
-8.2820921,13.4361875,0.5381724,13.6535290,1.5616540
-8.4357268,13.6935496,0.5381898,13.6877955,1.5428661
-8.5896003,13.9512999,0.5382127,13.7215657,1.5243042
-8.7432390,14.2086419,0.5382418,13.7548482,1.5059656
-8.8970070,14.4661810,0.5382794,13.7876514,1.4878476
-9.0508976,14.7239008,0.5383256,13.8199835,1.4699476
-9.2044981,14.9811049,0.5383827,13.8518525,1.4522630
-9.3584969,15.2389388,0.5384520,13.8832663,1.4347911
-9.5121548,15.4961579,0.5385343,13.9142325,1.4175294
-9.6659874,15.7536165,0.5386335,13.9447586,1.4004754
-9.8200810,16.0114487,0.5387495,13.9748519,1.3836266
-9.9736840,16.2683871,0.5388842,14.0045198,1.3669805
-10.1278584,16.5261964,0.5390396,14.0337691,1.3505346
-10.2816938,16.7833423,0.5392163,14.0626067,1.3342866
-10.4356345,17.0405525,0.5394224,14.0910395,1.3182341
-10.5901814,17.2986461,0.5396585,14.1190739,1.3023747
-10.7438397,17.5551109,0.5399195,14.1467166,1.2867061
-10.8982497,17.8126703,0.5402060,14.1739737,1.2712260
-11.0527259,18.0701668,0.5405050,14.2008515,1.2559321
-11.2069935,18.3271592,0.5407325,14.2273562,0.0963385
-11.3616954,18.5847673,0.5408744,14.2293872,-15.8618900
-11.5162611,18.8420908,0.5409303,13.8909808,-15.6347227
-11.6707637,19.0993024,0.5408981,13.5491520,-15.4018216
-11.8252253,19.3564902,0.5407777,13.2037653,-15.1839334
-11.9799585,19.6142241,0.5405787,12.8541836,-14.9717694
-12.1341520,19.8711962,0.5403066,12.4999176,-14.7724343
-12.2886373,20.1288354,0.5399613,12.1402401,-14.5836317
-12.4430837,20.3866277,0.5395619,11.7743870,-14.3984409
-12.5964349,20.6428390,0.5391112,11.4016689,-14.2706968
-12.7513134,20.9018735,0.5386604,11.0198255,-14.1442961
-12.9049490,21.1590671,0.5382970,10.6278355,-13.9945603
-13.0585673,21.4164197,0.5380089,10.2252165,-13.8139544
-13.2128649,21.6750863,0.5376799,9.8116038,-13.6377508
-13.3653208,21.9308765,0.5372827,9.3854033,-13.4664060
-13.5199232,22.1904440,0.5372691,8.9446531,-13.0514293
-13.6731700,22.4474302,0.5383411,8.4956932,-13.0521352
-13.8271827,22.7047850,0.5400597,8.0216184,-12.6691158
-13.9817294,22.9626658,0.5392060,7.5329747,-12.4365810
-14.1342353,23.2185746,0.5352551,7.0202963,-11.3915536
-14.2876867,23.4770081,0.5386906,6.5153942,-9.8071506
-14.4430436,23.7326189,0.5558390,6.0470408,-9.7776952
-14.6039990,23.9876538,0.5618682,5.5408226,-5.6902885
-14.7588534,24.2442369,0.5148940,5.2236873,-5.5838662
-14.8943543,24.5104668,0.4271509,4.8925401,-5.7347976
-15.0097257,24.7865535,0.3716363,4.5272993,-9.8260251
-15.1164700,25.0698452,0.3476898,3.8211853,-5.3758488
-15.2064715,25.3589930,0.2340465,3.3728762,-2.9208871
-15.2415489,25.6553450,-0.0208574,3.1022491,-0.5948030
-15.1920631,25.9637208,-0.2889892,3.0441922,-2.7847614
-15.0709277,26.2344326,-0.5751939,2.7561619,-0.2235445
-14.8751910,26.4402341,-0.9283851,2.7317240,-0.1478664
-14.6083598,26.5507470,-1.4745313,2.7154384,-0.1478664
-14.3394733,26.5366038,-1.7268291,2.6990545,5.1539125
-14.0149794,26.4591742,-1.8717770,3.2213213,5.0919069
-13.7447908,26.3637542,-1.9401572,3.6649321,5.0306472
-13.4598825,26.2473849,-1.9716463,4.0558343,4.9701245
-13.1768042,26.1258974,-1.9784994,4.4081228,4.9103300
-12.9008333,26.0062847,-1.9808242,4.7304786,4.8512548
-12.6267355,25.8869615,-1.9817044,5.0287045,4.7928903
-12.3498550,25.7663241,-1.9817036,5.3069100,4.7352281
-12.0749943,25.6465385,-1.9819006,5.5681349,4.6782595
-11.8016562,25.5273152,-1.9823181,5.8147038,4.6219763
-11.5257790,25.4068504,-1.9826453,6.0484435,4.5663703
-11.2518456,25.2871686,-1.9827204,6.2708211,4.5114332
-10.9771675,25.1671740,-1.9826042,6.4830368,4.4571571
-10.7022625,25.0471170,-1.9825084,6.6860881,4.4035340
-10.4277500,24.9272568,-1.9824503,6.8808147,4.3505559
-10.1529561,24.8072824,-1.9824624,7.0679321,4.2982153
-9.8780473,24.6872395,-1.9825632,7.2480560,4.2465044
-9.6033982,24.5672662,-1.9826988,7.4217212,4.1954155
-9.3285782,24.4471977,-1.9826760,7.5893955,4.1449414
-9.0533091,24.3269691,-1.9824826,7.7514916,4.0950744
-8.7784795,24.2069697,-1.9825708,7.9083755,4.0458074
-8.5035331,24.0867949,-1.9832423,8.0603739,3.9971331
-8.2286760,23.9663726,-1.9840286,8.2077798,3.9490445
-7.9538953,23.8460306,-1.9827645,8.3508576,3.9015343
-7.6789220,23.7263981,-1.9791843,8.4898464,3.8545958
-7.4034268,23.6074262,-1.9791732,8.6249638,3.8082219
-7.1285866,23.4873167,-1.9878836,8.7564084,3.7624060
-6.8552746,23.3637324,-2.0027791,8.8843621,3.7171412
-6.5833209,23.2370744,-2.0086002,9.0089919,3.6724211
-6.3115045,23.1104765,-2.0027985,9.1304519,3.6282389
-6.0385231,22.9857379,-1.9987975,9.2488843,3.5845883
-5.7662688,22.8599046,-2.0114716,9.3644212,3.5414629
-5.4966816,22.7285143,-2.0376197,9.4771849,3.2277262
-5.2299817,22.5910590,-2.0531635,9.5788027,3.4600242
-4.9645334,22.4516198,-2.0532029,9.6865501,3.4183973
-4.6980824,22.3133184,-2.0468013,9.7918370,3.3772713
-4.4313922,22.1761401,-2.0458736,9.8947570,3.3366400
-4.1649261,22.0384994,-2.0495396,9.9953982,3.2964976
-3.8986520,21.9001336,-2.0496039,10.0938433,3.2568381
-3.6322978,21.7626336,-2.0441632,10.1901700,3.2176558
-3.3647754,21.6264179,-2.0418359,10.2844519,3.1789448
-3.0982453,21.4889245,-2.0548541,10.3767583,2.3839655
-2.8346059,21.3460287,-2.0808905,10.4454459,1.0423438
-2.5741366,21.1969702,-2.0978833,10.4753367,3.0994784
-2.3154604,21.0455360,-2.1005843,10.5637193,3.0621892
-2.0559366,20.8945491,-2.0946910,10.6503184,3.0253486
-1.7958123,20.7453847,-2.0881095,10.7351896,-6.4891397
-1.5346922,20.5979521,-2.0825447,10.5523093,-8.0562282
-1.2735122,20.4502670,-2.0911466,10.3207564,-2.1106634
-1.0151253,20.2982656,-2.1167919,10.2592276,-2.1106634
-0.7611470,20.1386678,-2.1441400,10.1973275,3.2147295
-0.5102366,19.9742295,-2.1549751,10.2914585,3.1760538
-0.2597840,19.8090261,-2.1517770,10.3836191,3.1378433
-0.0088541,19.6446089,-2.1507521,10.4738747,3.1000926
0.2416886,19.4799001,-2.1548205,10.5622870,3.0627960
0.4915144,19.3137864,-2.1598521,10.6489148,3.0259481
0.7407042,19.1468262,-2.1618686,10.7338139,2.9895436
0.9897860,18.9797345,-2.1611800,10.8170372,2.9535770
1.2390989,18.8129654,-2.1593796,10.8986353,2.9180431
1.4888184,18.6467338,-2.1567250,10.9786560,2.8829367
1.7386333,18.4806809,-2.1599952,11.0571454,2.8482527
1.9869805,18.3124342,-2.1743249,11.1341472,1.3051916
2.2320380,18.1395290,-2.1954997,11.1692553,2.4511124
2.4742098,17.9625283,-2.2063898,11.2348909,2.7687946
2.7155551,17.7843309,-2.2053058,11.3085752,2.7354838
2.9575179,17.6071455,-2.2006867,11.3809045,2.7025738
3.2002345,17.4308268,-2.1976757,11.4519150,2.6700597
3.4432565,17.2550314,-2.1971617,11.5216414,2.6379368
3.6859340,17.0787047,-2.2020693,11.5901170,2.6062003
3.9272646,16.9004961,-2.2123539,11.6573738,2.5748456
4.1668265,16.7201825,-2.2180728,11.7234426,-7.9261282
4.4063918,16.5395149,-2.2142286,11.5188515,-10.8359599
4.6471549,16.3605582,-2.2078248,11.2331234,-6.5365107
4.8876590,16.1812125,-2.2182595,11.0571957,-2.4226235
5.1245906,15.9972889,-2.2458011,10.9912765,-2.4226235
5.3563695,15.8070157,-2.2680052,10.9249595,2.9065226
5.5854698,15.6132630,-2.2750625,11.0044748,-4.4013077
5.8143310,15.4193973,-2.2722432,10.8838396,-13.4650747
6.0435148,15.2258667,-2.2724622,10.5061785,-13.1400003
6.2723180,15.0318727,-2.2759171,10.1240621,-12.3172251
6.5006332,14.8375363,-2.2747468,9.7522865,-10.0249663
6.7301296,14.6441699,-2.2658972,9.4388960,-10.0002973
6.9614944,14.4531460,-2.2598123,9.1155484,-4.6261127
7.1915795,14.2606093,-2.2798524,8.9620228,-1.5915051
7.4149636,14.0606443,-2.3247788,8.9085943,-1.5915051
7.6297785,13.8514634,-2.3565026,8.8548434,3.7276420
7.8409709,13.6382008,-2.3611344,8.9802337,3.6827955
8.0533524,13.4263099,-2.3496189,9.1024193,3.6384886
8.2674087,13.2161997,-2.3455395,9.2215452,3.5947146
8.4814683,13.0060862,-2.3492391,9.3377456,3.5514674
8.6945800,12.7950677,-2.3527791,9.4511452,3.5087404
8.9073540,12.5835220,-2.3533214,9.5618598,3.4665275
9.1201740,12.3722023,-2.3520549,9.6699978,3.4248224
9.3332320,12.1610447,-2.3515082,9.7756601,3.3836191
9.5463451,11.9498957,-2.3517218,9.8789414,3.3429114
9.7593189,11.7387567,-2.3519798,9.9799306,3.3026936
9.9723700,11.5274766,-2.3520263,10.0787111,3.2629595
10.1853183,11.3163144,-2.3519447,10.1753616,3.2237035
10.3983336,11.1051100,-2.3519165,10.2699561,3.1849198
10.6113849,10.8938694,-2.3519451,10.3625646,3.1466027
10.8243299,10.6827188,-2.3519797,10.4532533,3.1087466
11.0373935,10.4714386,-2.3520012,10.5420848,3.0713459
11.2503365,10.2602712,-2.3520155,10.6291186,3.0343952
11.4633285,10.0490480,-2.3520358,10.7144110,2.9978890
11.6763612,9.8377743,-2.3520626,10.7980157,2.9618220
11.8892680,9.6266133,-2.3520935,10.8799837,2.9261889
12.1023111,9.4153034,-2.3521273,10.9603636,2.8909845
12.3152241,9.2041078,-2.3521637,11.0392018,2.8562037
12.5281787,8.9928550,-2.3522015,11.1165424,2.8218413
12.7411985,8.7815214,-2.3522408,11.1924277,2.7878923
12.9540683,8.5703200,-2.3522793,11.2668981,2.7543517
13.1670617,8.3589801,-2.3523164,11.3399924,2.7212147
13.3799658,8.1477134,-2.3523518,11.4117475,2.6884763
13.5928779,7.9364241,-2.3523851,11.4821990,2.6561318
13.8058506,7.7250613,-2.3524163,11.5513809,2.6241764
14.0187088,7.5137993,-2.3524445,11.6193261,2.5926055
14.2316408,7.3024530,-2.3524691,11.6860658,2.5614144
14.4445386,7.0911310,-2.3524901,11.7516304,2.5305986
14.6574260,6.8798114,-2.3525068,11.8160490,2.5001535
14.8703460,6.6684531,-2.3525192,11.8793495,2.4700746
15.0832241,6.4571323,-2.3525269,11.9415590,2.4403577
15.2961156,6.2457959,-2.3525297,12.0027034,2.4109982
15.5090157,6.0344509,-2.3525275,12.0628078,2.3819920
15.7219102,5.8231134,-2.3525202,12.1218965,2.3533347
15.9347798,5.6118048,-2.3525077,12.1799927,2.3250223
16.1477160,5.4004366,-2.3524900,12.2371192,2.2970504
16.3606006,5.1891280,-2.3524673,12.2932977,2.2694151
16.5735124,4.9778031,-2.3524394,12.3485494,2.2421122
16.7864509,4.7664646,-2.3524069,12.4028946,2.2151378
16.9992990,4.5552305,-2.3523697,12.4563532,2.1884879
17.2123094,4.3438519,-2.3523282,12.5089443,2.1621587
17.4252227,4.1325881,-2.3522828,12.5606864,2.1361462
17.6381568,3.9213236,-2.3522337,12.6115976,2.1104467
17.8511695,3.7100026,-2.3521815,12.6616952,2.0850563
18.0640308,3.4988545,-2.3521265,12.7109962,2.0599714
18.2771190,3.2875050,-2.3520692,12.7595170,2.0351883
18.4900872,3.0762990,-2.3520105,12.8072736,2.0107034
18.7030548,2.8651188,-2.3519504,12.8542814,1.9865130
18.9161548,2.6538327,-2.3518901,12.9005554,1.9626137
19.1290532,2.4427720,-2.3518299,12.9461103,1.9390019
19.3422154,2.2314751,-2.3517703,12.9909602,1.9156742
19.5552471,2.0203324,-2.3517124,13.0351191,1.8926271
19.7682571,1.8092353,-2.3516563,13.0786002,1.8698573
19.9814332,1.5979967,-2.3516031,13.1214167,1.8473614
20.1943765,1.3870104,-2.3515535,13.1635814,1.8251362
20.4075973,1.1757694,-2.3515076,13.2051066,1.8031784
20.6206803,0.9646835,-2.3514657,13.2460043,1.7814847
20.8337347,0.7536427,-2.3514283,13.2862864,1.7600520
21.0469510,0.5424560,-2.3513977,13.3259643,1.7388772
21.2599335,0.3315121,-2.3513749,13.3650491,1.7179571
21.4731802,0.1203150,-2.3513562,13.4035518,1.6972887
21.6862871,-0.0907355,-2.3513355,13.4414830,1.6768690
21.8993771,-0.3017600,-2.3513153,13.4788530,1.6566949
22.1125846,-0.5128975,-2.3513230,13.5156720,1.6367636
22.3255983,-0.7238536,-2.3513660,13.5519498,1.6170720
22.5388107,-0.9350247,-2.3513851,13.5876960,-6.8791616
22.7519163,-1.1460751,-2.3512947,13.4349703,-15.4203996
22.9650420,-1.3570870,-2.3511444,13.0861446,-15.0373922
23.1782247,-1.5681520,-2.3513319,12.7367858,-14.6561655
23.3912515,-1.7792310,-2.3519424,12.3868058,-14.5602301
23.6042452,-1.9904951,-2.3520289,12.0290381,-13.6907948
23.8173589,-2.2015792,-2.3505255,11.6826436,-13.6969862
24.0308496,-2.4121348,-2.3483908,11.3254957,-12.0905938
24.2443406,-2.6227122,-2.3512386,11.0006034,-10.2898052
24.4568111,-2.8347235,-2.3599378,10.7163452,-10.0283761
24.6678450,-3.0480169,-2.3594458,10.4318586,-2.1563503
24.8812679,-3.2588369,-2.3370021,10.3696675,-2.1563503
25.1011674,-3.4625191,-2.2995280,10.3071010,-1.0808314
25.3272198,-3.6595111,-2.2792251,10.2755974,3.1825955
25.5553749,-3.8544683,-2.2799505,10.3680883,3.1443064
25.7819588,-4.0502878,-2.2862293,10.4586632,3.1064779
26.0083496,-4.2474807,-2.2877202,10.5473846,3.0691045
26.2344268,-4.4441458,-2.2856337,10.6343118,3.0321807
26.4609780,-4.6404899,-2.2843386,10.7195010,2.9957012
26.6882520,-4.8371820,-2.2842187,10.8030056,2.9596605
26.9143613,-5.0329018,-2.2842574,10.8848764,2.9240534
27.1415852,-5.2295101,-2.2838357,10.9651620,-11.2772819
27.3682329,-5.4253738,-2.2830908,10.6521892,-13.9506767
27.5950474,-5.6211148,-2.2825274,10.2518110,-13.8559803
27.8232336,-5.8178611,-2.2821915,9.8380350,-13.4667251
28.0497508,-6.0130052,-2.2815324,9.4184799,-13.1257888
28.2775461,-6.2088321,-2.2800832,8.9907250,-13.1276334
28.5059687,-6.4044959,-2.2783263,8.5415105,-12.5288660
28.7341189,-6.5997937,-2.2798846,8.0895543,-11.6637999
28.9610368,-6.7954551,-2.2855315,7.6448257,-11.6609811
29.1882596,-6.9937650,-2.2890628,7.1726928,-10.2356177
29.4149195,-7.1902768,-2.2786697,6.7310334,-10.2184760
29.6444448,-7.3823338,-2.2559742,6.2591040,-7.6353586
29.8776896,-7.5739124,-2.2705883,5.8818075,-0.6855159
30.0992961,-7.7728737,-2.3444025,5.8467421,-0.6855159
30.3033266,-7.9948341,-2.4444585,5.8114652,3.2563053
30.4904157,-8.2302166,-2.4851163,5.9771817,4.5835554
30.6748208,-8.4665335,-2.4656876,6.2029461,4.5284116
30.8655735,-8.7008845,-2.4572081,6.4182003,4.4739312
31.0492654,-8.9314437,-2.4871339,6.6239992,4.1141850
31.2274468,-9.1735987,-2.5232955,6.8077612,4.3706094
31.3990206,-9.4187365,-2.5343030,6.9976922,1.4055485
31.5692955,-9.6647952,-2.5446652,7.0576862,-0.9870079
31.7323722,-9.9168101,-2.5968933,7.0156107,-0.9870079
31.8769722,-10.1778905,-2.6702538,6.9732813,2.4736593
32.0084659,-10.4475495,-2.6969417,7.0788903,4.2951065
32.1395057,-10.7179228,-2.6804102,7.2586139,4.2434330
32.2730138,-10.9855781,-2.6828651,7.4319084,4.1923811
32.4026239,-11.2580401,-2.7172413,7.5992382,2.2886679
32.5203142,-11.5314018,-2.7486937,7.6890490,4.1144089
32.6342000,-11.8106484,-2.7560589,7.8479204,4.0649093
32.7477503,-12.0871850,-2.7480214,8.0017835,4.0160052
32.8633414,-12.3640140,-2.7450819,8.1509437,3.9676895
32.9794198,-12.6420201,-2.7477694,8.2956761,3.9199550
33.0936040,-12.9180698,-2.7507342,8.4362291,3.8727949
33.2081911,-13.1968123,-2.7521407,8.5728286,3.8262021
33.3218587,-13.4739224,-2.7525153,8.7056800,3.7801698
33.4356105,-13.7515668,-2.7530117,8.8349716,3.7346914
33.5495125,-14.0300380,-2.7536653,8.9608759,3.6897601
33.6628139,-14.3075232,-2.7541626,9.0835519,3.6453693
33.7762081,-14.5855134,-2.7543654,9.2031464,3.6015126
33.8896582,-14.8636867,-2.7542828,9.3197950,3.5581836
34.0030660,-15.1415871,-2.7539408,9.4336239,3.5153758
34.1163846,-15.4188950,-2.7533395,9.5447503,3.4730830
34.2304391,-15.6975038,-2.7527759,9.6532836,3.4312991
34.3440611,-15.9747259,-2.7525049,9.7593260,3.3900178
34.4578917,-16.2523334,-2.7523343,9.8629730,3.3492332
34.5720230,-16.5301675,-2.7510919,9.9643143,3.3089393
34.6860480,-16.8062635,-2.7485668,10.0634343,3.2691301
34.8014487,-17.0840427,-2.7480595,10.1604123,-4.5182615
34.9157681,-17.3610169,-2.7531842,10.0261315,-11.3315985
35.0280799,-17.6389592,-2.7606933,9.6811716,-7.6483697
35.1405581,-17.9171713,-2.7505831,9.4412157,-1.7662484
35.2585257,-18.1924611,-2.7193901,9.3849304,-1.7662484
35.3866041,-18.4637884,-2.6833376,9.3283055,1.2000794
35.5230484,-18.7309031,-2.6569374,9.3668166,3.5405631
35.6653746,-18.9950604,-2.6383440,9.4795234,3.4979673
35.8125043,-19.2564903,-2.6193970,9.5895734,3.4558840
35.9646391,-19.5148228,-2.5991835,9.6970731,3.4143070
36.1216472,-19.7706572,-2.5849055,9.8021217,3.3732301
36.2807721,-20.0248236,-2.5813343,9.9048125,3.3326475
36.4397001,-20.2793218,-2.5855385,10.0052329,3.2925531
36.5976854,-20.5342814,-2.5876899,10.1034650,3.2529411
36.7553949,-20.7892136,-2.5870786,10.1995863,3.2138056
36.9134581,-21.0441246,-2.5861427,10.2936697,3.1751410
37.0716830,-21.2989878,-2.5859940,10.3857844,3.1369415
37.2297885,-21.5537531,-2.5863296,10.4759954,3.0992016
37.3878960,-21.8086655,-2.5864782,10.5643647,3.0619158
37.5460010,-22.0635992,-2.5864302,10.6509508,3.0250785
37.7040298,-22.3183700,-2.5863689,10.7358095,2.9886844
37.8622861,-22.5734848,-2.5863501,10.8189937,2.9527281
38.0202585,-22.8281385,-2.5863452,10.9005537,2.9172045
38.1784293,-23.0831010,-2.5863105,10.9805376,2.8821082
38.3365936,-23.3380247,-2.5862476,11.0589911,2.8474341
38.4946628,-23.5927550,-2.5861709,11.1359581,2.8131772
38.6530540,-23.8479575,-2.5860835,11.2114801,2.7793325
38.8110543,-24.1024775,-2.5859853,11.2855974,2.7458949
38.9693545,-24.3574212,-2.5858750,11.3583479,2.7128596
39.1276345,-24.6122663,-2.5857537,11.4297685,2.6802217
39.2858495,-24.8669360,-2.5856260,11.4998943,2.6479766
39.4443950,-25.1220634,-2.5854924,11.5687590,2.6161193
39.6025610,-25.3765030,-2.5853560,11.6363950,2.5846453
39.7610237,-25.6313423,-2.5852186,11.7028334,2.5535500
39.9194820,-25.8860961,-2.5850811,11.7681041,2.5228287
40.0778848,-26.1406837,-2.5849474,11.8322360,2.4924771
40.2365571,-26.3956297,-2.5848179,11.8952568,2.4624906
40.3949558,-26.6500642,-2.5846948,11.9571933,2.4328649
40.5535619,-26.9047643,-2.5845802,12.0180711,2.4035956
40.7121920,-27.1594405,-2.5844743,12.0779152,2.3746784
40.8707651,-27.4139679,-2.5843796,12.1367495,2.3461092
41.0295027,-27.6687091,-2.5842965,12.1945973,2.3178836
41.1881101,-27.9231977,-2.5842260,12.2514809,2.2899976
41.3468034,-28.1777880,-2.5841690,12.3074220,2.2624471
41.5055283,-28.4324004,-2.5841256,12.3624414,2.2352281
41.6642154,-28.6869316,-2.5840965,12.4165596,2.2083365
41.8229421,-28.9415139,-2.5840817,12.4697960,2.1817685
41.9816650,-29.1960858,-2.5840809,12.5221696,2.1555201
42.1403733,-29.4506376,-2.5840938,12.5736989,2.1295875
42.2990791,-29.7051965,-2.5841201,12.6244018,2.1039668
42.4578073,-29.9598100,-2.5841591,12.6742954,2.0786544
42.6164516,-30.2143145,-2.5842103,12.7233967,2.0536466
42.7751726,-30.4689743,-2.5842728,12.7717219,2.0289396
42.9338267,-30.7235648,-2.5843439,12.8192867,2.0045298
43.0924086,-30.9780820,-2.5844232,12.8661067,1.9804137
43.2511006,-31.2328224,-2.5845060,12.9121966,1.9565878
43.4096199,-31.4873326,-2.5845899,12.9575711,1.9330485
43.5682389,-31.7420510,-2.5846747,13.0022442,1.9097924
43.7267967,-31.9967192,-2.5847594,13.0462296,1.8868161
43.8852349,-32.2512432,-2.5848437,13.0895406,1.8641162
44.0438482,-32.5060962,-2.5849271,13.1321904,1.8416894
44.2022515,-32.7606586,-2.5850090,13.1741914,1.8195324
44.3607608,-33.0154374,-2.5850885,13.2155560,1.7976420
44.5192213,-33.2701815,-2.5851627,13.2562963,1.7760149
44.6775353,-33.5247304,-2.5852312,13.2964238,1.7546480
44.8360633,-33.7796609,-2.5852944,13.3359499,1.7335382
44.9943713,-34.0342721,-2.5853526,13.3748859,1.7126824
45.1527875,-34.2890886,-2.5854034,13.4132424,1.6920774
45.3111694,-34.5438748,-2.5854393,13.4510300,1.6717204
45.4694238,-34.7984718,-2.5854599,13.4882591,1.6516083
45.6278777,-35.0534017,-2.5854870,13.5249396,1.6317381
45.7861454,-35.3080528,-2.5855331,13.5610814,1.6121070
45.9445025,-35.5628756,-2.5855691,13.5966941,1.5927121
46.1028406,-35.8176610,-2.5855030,13.6317869,-8.2850515
46.2611341,-36.0723063,-2.5853374,13.4482385,-15.3001197
46.4195705,-36.3271300,-2.5853954,13.1025200,-14.9202372
46.5778478,-36.5818393,-2.5858358,12.7563651,-14.9203275
46.7360279,-36.8366857,-2.5861816,12.4005489,-14.0733305
46.8942889,-37.0914870,-2.5851625,12.0553109,-14.0735144
47.0529839,-37.3460110,-2.5829336,11.6998854,-12.8872024
47.2119282,-37.6003925,-2.5841990,11.3646745,-10.6422685
47.3698811,-37.8554263,-2.5908433,11.0802144,-6.8922827
47.5253920,-38.1120846,-2.6045256,10.8920258,-2.7438954
47.6759467,-38.3715310,-2.6288582,10.8161946,-2.3181681
47.8186682,-38.6351452,-2.6625181,10.7517121,-2.3181681
47.9535839,-38.9029325,-2.6840883,10.6868406,3.0097213
48.0853747,-39.1725351,-2.6865696,10.7709889,2.9735120
48.2182559,-39.4412413,-2.6787108,10.8534841,2.9377383
48.3527287,-39.7094069,-2.6757083,10.9343756,2.9023950
48.4873504,-39.9776052,-2.6782124,11.0137106,2.8674769
48.6200180,-40.2465861,-2.6903360,11.0915338,2.3634088
48.7480319,-40.5179935,-2.7131849,11.1552685,-2.1925066
48.8688979,-40.7923380,-2.7385037,11.0961549,1.1169009
48.9842003,-41.0693015,-2.7540631,11.1263076,2.8174855
49.0965205,-41.3475092,-2.7607921,11.2020101,2.7835889
49.2070626,-41.6262813,-2.7677637,11.2763028,2.7501002
49.3154061,-41.9061563,-2.7771199,11.3492241,2.7170143
49.4208243,-42.1868219,-2.7872516,11.4208109,2.6843264
49.5236537,-42.4686619,-2.7960187,11.4910985,2.6520319
49.6242141,-42.7513180,-2.8031147,11.5601208,2.6201258
49.7232681,-43.0343938,-2.8060854,11.6279104,2.5886036
49.8222050,-43.3177172,-2.8043983,11.6944985,2.5574607
49.9218039,-43.6005367,-2.8025198,11.7599153,2.5266924
50.0211748,-43.8835977,-2.8063938,11.8241896,2.4962943
50.1186657,-44.1673020,-2.8150747,11.8873494,2.4662619
50.2139690,-44.4516659,-2.8205068,11.9494215,2.4365908
50.3085044,-44.7364848,-2.8208924,12.0104318,2.4072766
50.4033558,-45.0209647,-2.8187960,12.0704052,2.3783152
50.4986899,-45.3054020,-2.8177716,12.1293660,2.3497022
50.5941653,-45.5898061,-2.8178057,12.1873372,2.3214334
50.6894980,-45.8741843,-2.8185712,12.2443415,2.2935047
50.7845560,-46.1587734,-2.8199890,12.3004006,2.2659120
50.8791453,-46.4434376,-2.8214413,12.3555354,2.2386513
50.9734521,-46.7282066,-2.8219882,12.4097664,2.2117185
51.0677319,-47.0129891,-2.8217002,12.4631132,2.1851098
51.1621087,-47.2977336,-2.8214281,12.5155949,2.1588212
51.2565195,-47.5824382,-2.8214013,12.5672300,2.1328489
51.3509204,-47.8671732,-2.8215058,12.6180364,2.1071890
51.4452969,-48.1519061,-2.8215477,12.6680314,2.0818378
51.5396699,-48.4366373,-2.8215285,12.7172319,2.0567917
51.6340535,-48.7213769,-2.8215089,12.7656543,2.0320468
51.7284347,-49.0060993,-2.8215069,12.8133145,2.0075997
51.8228200,-49.2908386,-2.8215148,12.8602278,1.9834467
51.9172011,-49.5755703,-2.8215182,12.9064092,1.9595842
52.0115807,-49.8602988,-2.8215172,12.9518733,1.9360089
52.1059641,-50.1450374,-2.8215161,12.9966343,1.9127172
52.2003433,-50.4297630,-2.8215161,13.0407059,1.8897057
52.2947265,-50.7145008,-2.8215169,13.0841015,1.8669710
52.3891076,-50.9992331,-2.8215173,13.1268342,1.8445099
52.4834876,-51.2839620,-2.8215174,13.1689165,1.8223189
52.5778704,-51.5686997,-2.8215174,13.2103609,1.8003950
52.6722498,-51.8534273,-2.8215176,13.2511795,1.7787348
52.7666321,-52.1381636,-2.8215177,13.2913838,1.7573352
52.8610132,-52.4228963,-2.8215178,13.3309854,1.7361931
52.9553932,-52.7076259,-2.8215179,13.3699953,1.7153053
53.0497755,-52.9923625,-2.8215179,13.4084245,1.6946688
53.1441554,-53.2770918,-2.8215180,13.4462835,1.6742806
53.2385372,-53.5618268,-2.8215180,13.4835827,1.6541377
53.3329182,-53.8465598,-2.8215181,13.5203320,1.6342371
53.4272984,-54.1312901,-2.8215181,13.5565414,1.6145759
53.5216803,-54.4160257,-2.8215181,13.5922204,1.5951513
53.6160606,-54.7007563,-2.8215182,13.6273785,1.5759604
53.7104420,-54.9854903,-2.8215182,13.6620247,1.5570003
53.8048230,-55.2702234,-2.8215181,13.6961680,1.5382683
53.8992036,-55.5549546,-2.8215176,13.7298172,1.5197618
53.9935852,-55.8396890,-2.8215178,13.7629808,1.5014778
54.0879658,-56.1244208,-2.8215189,13.7956671,1.4834138
54.1823465,-56.4091541,-2.8215199,13.8278842,1.4655672
54.2767273,-56.6938873,-2.8215175,13.8596403,1.4479353
54.3711090,-56.9786191,-2.8215118,13.8909430,1.4305154
54.4654920,-57.2633518,-2.8215138,13.9217999,1.4133052
54.5598723,-57.5480848,-2.8215292,13.9522187,1.3963020
54.6542472,-57.8328194,-2.8215438,13.9822064,1.3795034
54.7486243,-58.1175536,-2.8215119,14.0117704,1.3629069
54.8430176,-58.4022828,-2.8214331,14.0409176,1.3465100
54.9374237,-58.6870066,-2.8214567,14.0696548,1.3303104
55.0317969,-58.9717428,-2.8216666,14.0979887,1.3143058
55.1260882,-59.2565047,-2.8219850,14.1259260,1.2984936
55.2203096,-59.5412902,-2.8221407,14.1534730,1.2828717
55.3145137,-59.8260831,-2.8221123,14.1806360,1.2674377
55.4087356,-60.1108666,-2.8220451,14.2074213,1.2521895
55.5029707,-60.3956493,-2.8220277,14.2338348,1.2371246
55.5972035,-60.6804303,-2.8220481,14.2598824,1.2222410
55.6914315,-60.9652133,-2.8220597,14.2855701,1.2075365
55.7856591,-61.2499998,-2.8220580,14.3109034,1.1930089
55.8798861,-61.5347802,-2.8220531,14.3358880,1.1786560
55.9741157,-61.8195653,-2.8220519,14.3605294,1.1644759
56.0683442,-62.1043476,-2.8220534,14.3848328,1.1504663
56.1625723,-62.3891301,-2.8220543,14.4088036,1.1366253
56.2568019,-62.6739174,-2.8220543,14.4324468,1.1229508
56.3510288,-62.9586965,-2.8220540,14.4557677,1.1094408
56.4452580,-63.2434822,-2.8220541,14.4787711,1.0960933
56.5394860,-63.5282647,-2.8220543,14.5014619,1.0829064
56.6337139,-63.8130468,-2.8220545,14.5238450,1.0698782
56.7279439,-64.0978355,-2.8220546,14.5459249,1.0570067
56.8221702,-64.3826132,-2.8220547,14.5677063,1.0442901
56.9163993,-64.6673993,-2.8220548,14.5891937,1.0317265
57.0106272,-64.9521820,-2.8220550,14.6103916,1.0193140
57.1048547,-65.2369637,-2.8220551,14.6313043,1.0070508
57.1990850,-65.5217540,-2.8220553,14.6519361,0.9949352
57.2933107,-65.8065303,-2.8220554,14.6722912,0.9829653
57.3875396,-66.0913167,-2.8220556,14.6923737,0.9711395
57.4817674,-66.3760998,-2.8220558,14.7121876,0.9594559
57.5759944,-66.6608809,-2.8220559,14.7317371,0.9479129
57.6702251,-66.9456729,-2.8220561,14.7510259,0.9365087
57.7644500,-67.2304478,-2.8220563,14.7700578,0.9252418
57.8586787,-67.5152344,-2.8220565,14.7888368,0.9141104
57.9529064,-67.8000181,-2.8220566,14.8073665,0.9031129
58.0471329,-68.0847984,-2.8220568,14.8256505,0.8922478
58.1413636,-68.3695915,-2.8220570,14.8436923,0.8815133
58.2355880,-68.6543657,-2.8220572,14.8614957,0.8709080
58.3298165,-68.9391524,-2.8220574,14.8790639,0.8604303
58.4240442,-69.2239368,-2.8220575,14.8964004,0.8500786
58.5182701,-69.5087163,-2.8220577,14.9135086,0.8398515
58.6125009,-69.7935104,-2.8220579,14.9303916,0.8297474
58.7067248,-70.0782840,-2.8220580,14.9470529,0.8197649
58.8009530,-70.3630707,-2.8220582,14.9634954,0.8099025
58.8951807,-70.6478561,-2.8220584,14.9797225,0.8001587
58.9894061,-70.9326346,-2.8220585,14.9957370,0.7905322
59.0836369,-71.2174295,-2.8220587,15.0115421,0.7810214
59.1778604,-71.5022027,-2.8220588,15.0271408,0.7716251
59.2720883,-71.7869893,-2.8220589,15.0425359,0.7623419
59.3663162,-72.0717757,-2.8220590,15.0577303,0.7531703
59.4605410,-72.3565531,-2.8220591,15.0727269,0.7441091
59.5547718,-72.6413488,-2.8220592,15.0875284,0.7351568
59.6489951,-72.9261216,-2.8220593,15.1021376,0.7263123
59.7432228,-73.2109079,-2.8220594,15.1165571,0.7175742
59.8374510,-73.4956957,-2.8220594,15.1307897,0.7089412
59.9316752,-73.7804717,-2.8220594,15.1448380,0.7004121
60.0259062,-74.0652680,-2.8220594,15.1587044,0.6919856
60.1201293,-74.3500407,-2.8220594,15.1723916,0.6836604
60.2143568,-74.6348265,-2.8220594,15.1859020,0.6754355
60.3085855,-74.9196160,-2.8220593,15.1992380,0.6673094
60.4028093,-75.2043902,-2.8220592,15.2124021,0.6592812
60.4970405,-75.4891871,-2.8220591,15.2253967,0.6513495
60.5912637,-75.7739596,-2.8220590,15.2382241,0.6435132
60.6854911,-76.0587446,-2.8220588,15.2508865,0.6357713
60.7797208,-76.3435362,-2.8220586,15.2633863,0.6281224
60.8739442,-76.6283087,-2.8220583,15.2757257,0.6205656
60.9681757,-76.9131057,-2.8220581,15.2879068,0.6130997
61.0623991,-77.1978776,-2.8220578,15.2999318,0.6057237
61.1566264,-77.4826611,-2.8220574,15.3118029,0.5984363
61.2508577,-77.7674563,-2.8220569,15.3235222,0.5912366
61.3450814,-78.0522279,-2.8220564,15.3350917,0.5841236
61.4393135,-78.3370244,-2.8220560,15.3465134,0.5770961
61.5335438,-78.6218154,-2.8220557,15.3577893,0.5701532
61.6277731,-78.9066030,-2.8220558,15.3689215,0.5632938
61.7220021,-79.1913901,-2.8220562,15.3799119,0.5565169
61.8162361,-79.4761929,-2.8220569,15.3907623,0.5498216
61.9104590,-79.7609626,-2.8220577,15.4014746,0.5432068
62.0046926,-80.0457660,-2.8220588,15.4120508,0.5366716
62.0989214,-80.3305555,-2.8220600,15.4224926,0.5302150
62.1931401,-80.6153161,-2.8220615,15.4328018,0.5238361
62.2873803,-80.9001431,-2.8220631,15.4429803,0.5175339
62.3815966,-81.1848995,-2.8220649,15.4530297,0.5113076
62.4758305,-81.4697106,-2.8220668,15.4629518,0.5051562
62.5700588,-81.7545070,-2.8220688,15.4727483,0.4990787
62.6642666,-82.0392432,-2.8220708,15.4824209,0.4930744
62.7585129,-82.3240977,-2.8220729,15.4919711,0.4871423
62.8527223,-82.6088426,-2.8220749,15.5014007,0.4812816
62.9469542,-82.8936574,-2.8220769,15.5107112,0.4754914
63.0411822,-83.1784624,-2.8220786,15.5199042,0.4697709
63.1353785,-83.4631730,-2.8220802,15.5289812,0.4641192
63.2296311,-83.7480551,-2.8220814,15.5379438,0.4585355
63.3238347,-84.0327900,-2.8220823,15.5467936,0.4530189
63.4180649,-84.3176061,-2.8220827,15.5555319,0.4475687
63.5122938,-84.6024185,-2.8220826,15.5641603,0.4421841
63.6064814,-84.8871056,-2.8220818,15.5726802,0.4368643
63.7007418,-85.1720115,-2.8220804,15.5810930,0.4316085
63.7949428,-85.4567361,-2.8220780,15.5894001,0.4264159
63.8891765,-85.7415569,-2.8220747,15.5976029,0.4212858
63.9834106,-86.0263752,-2.8220704,15.6057028,0.4162174
64.0775928,-86.3110322,-2.8220652,15.6137012,0.4112099
64.1718495,-86.5959090,-2.8220593,15.6215993,0.4062627
64.2660579,-86.8806340,-2.8220531,15.6293984,0.4013751
64.3602715,-87.1653693,-2.8220481,15.6371000,0.3965462
64.4544970,-87.4501387,-2.8220507,15.6447051,0.3917755
64.5487235,-87.7349176,-2.8220613,15.6522151,0.3870621
64.6429257,-88.0196319,-2.8220648,15.6596312,0.3824054
64.7371649,-88.3044530,-2.8220510,15.6669547,0.3778048
64.8313788,-88.5891794,-2.8220371,15.6741866,0.3732595
64.9255960,-88.8739317,-2.8220883,15.6813283,0.3687689
65.0198307,-89.1588197,-2.8222081,15.6883809,0.3643323
65.1139542,-89.4434480,-2.8221970,15.6953456,0.3599491
65.2082059,-89.7283312,-2.8219300,15.7022234,0.3556186
65.3024939,-90.0129942,-2.8216433,15.7090155,0.3513402
65.3967616,-90.2977054,-2.8222232,15.7157230,0.3471133
65.4908120,-90.5827670,-2.8237381,15.7223470,0.3429373
65.5842584,-90.8674896,-2.8250393,15.7288885,0.3388115
65.6776134,-91.1527300,-2.8253936,15.7353487,-15.2341651
65.7709018,-91.4376955,-2.8250195,15.4422045,-16.5068722
65.8642906,-91.7226463,-2.8247968,15.1181553,-16.2990055
65.9578559,-92.0080391,-2.8248181,14.7912226,-16.1617348
66.0511348,-92.2926337,-2.8249007,14.4597464,-15.9800525
66.1446106,-92.5778718,-2.8249075,14.1243500,-15.7731370
66.2380090,-92.8628462,-2.8248514,13.7852964,-15.5948188
66.3313849,-93.1476963,-2.8247981,13.4416707,-15.4177696
66.4250224,-93.4332986,-2.8247570,13.0930837,-15.2100746
66.5182571,-93.7176300,-2.8246991,12.7398499,-15.0072831
66.6117945,-94.0028048,-2.8245922,12.3814528,-14.8366514
66.7054051,-94.2880782,-2.8244484,12.0166275,-14.7048018
66.7988991,-94.5728832,-2.8243718,11.6437710,-14.5189029
66.8925991,-94.8582856,-2.8243862,11.2635250,-14.3685914
66.9863563,-95.1439052,-2.8244339,10.8741329,-14.1705198
67.0799695,-95.4290925,-2.8243961,10.4759423,-14.0247102
67.1734975,-95.7139417,-2.8242876,10.0663521,-13.5829096
67.2674951,-96.0003238,-2.8247571,9.6531121,-13.1813550
67.3604727,-96.2844824,-2.8261376,9.2344252,-13.1841539
67.4535887,-96.5706697,-2.8275395,8.7957356,-12.4928528
67.5465718,-96.8562850,-2.8255497,8.3588311,-12.1528297
67.6400204,-97.1395758,-2.8198886,7.9106980,-11.4561124
67.7357844,-97.4266026,-2.8216321,7.4636595,-8.9202814
67.8275481,-97.7101102,-2.8380424,7.0960988,-8.8643166
67.9138020,-97.9983884,-2.8619306,6.7109313,-10.3399731
67.9948870,-98.2866620,-2.8699169,6.2316355,-11.3848708
68.0761877,-98.5754622,-2.8659791,5.6571275,-5.3722092
68.1535424,-98.8669263,-2.9089602,5.3647099,-0.5702804
68.2078787,-99.1587259,-3.0165485,5.3327273,-0.5702804
68.2298934,-99.4590370,-3.1082714,5.3005518,4.7365806
68.2353587,-99.7573696,-3.1257726,5.5621482,-4.4721523
68.2418995,-100.0578247,-3.1207323,5.3154952,-7.9296988
68.2436589,-100.3571070,3.1254765,4.8473891,-4.6759158
68.2276140,-100.6574839,3.0417177,4.5488386,-0.4100124
68.1780709,-100.9526932,2.8982531,4.5217199,-0.4100124
68.0803477,-101.2338493,2.7222863,4.4944377,1.6227404
67.9412000,-101.5000294,2.6089545,4.6014682,4.8753975
67.7819294,-101.7525240,2.5560354,4.9090156,4.8167426
67.6139394,-101.9992259,2.5365331,5.1950140,4.7587934
67.4446518,-102.2450351,2.5430025,5.4628875,4.7015413
67.2791763,-102.4886068,2.5447077,5.7152219,4.6449780
67.1039132,-102.7444007,2.5354809,5.9540280,4.5890953
66.9362265,-102.9832359,2.5239640,6.1809070,4.5338848
66.7600956,-103.2287077,2.5148361,6.3971595,4.4793386
66.5797625,-103.4757882,2.5078562,6.6038598,4.4254486
66.4018568,-103.7172597,2.5064760,6.8019077,4.1937835
66.2238463,-103.9598207,2.5115910,6.9844076,-11.6122946
66.0462302,-104.2060253,2.5213248,6.4664766,-11.9005438
65.8700667,-104.4531522,2.5210844,5.8886127,-10.4827795
65.6970528,-104.6923287,2.5071362,5.3279233,-10.1951645
65.5111563,-104.9410132,2.5025322,4.7191445,-3.6681051
65.3398759,-105.1865054,2.5788673,4.4799217,-0.3976828
65.2042006,-105.4485847,2.7601164,4.4532139,-0.3976828
65.1108565,-105.7388210,2.8759196,4.4263450,-4.3045375
65.0296874,-106.0200517,2.8260584,4.1243284,-0.3370563
64.9425228,-106.3030525,2.9039078,4.0997405,-0.3370563
64.9066433,-106.5864244,3.1057010,4.0750044,4.9669988
64.9053785,-106.8954749,-3.1399655,4.4255553,4.9072418
64.9025772,-107.1870489,3.1321510,4.7465323,4.8482038
64.9064143,-107.4941188,-3.0980498,5.0436276,4.7898761
64.9299676,-107.7872104,-3.0313137,5.3208830,4.7322501
64.9681032,-108.0867581,-3.0049390,5.5812939,4.6753173
65.0092872,-108.3876739,-3.0090055,5.8271546,4.6190696
65.0479361,-108.6824266,-3.0123045,6.0602702,4.5634985
65.0875358,-108.9845984,-3.0092541,6.2820921,4.5085960
65.1280219,-109.2815871,-3.0033461,6.4938084,4.4543540
65.1699217,-109.5789787,-3.0004051,6.6964075,4.4007646
65.2124331,-109.8775767,-3.0004254,6.8907219,4.3478199
65.2545642,-110.1753300,-3.0015899,7.0774615,4.2955122
65.2962698,-110.4722904,-3.0024944,7.2572372,4.2438337
65.3377510,-110.7693329,-3.0031689,7.4305800,4.1927770
65.3791690,-111.0674811,-3.0039945,7.5979546,4.1423346
65.4200434,-111.3638073,-3.0050939,7.7597712,4.0924990
65.4607731,-111.6618075,-3.0064374,7.9163934,4.0432630
65.5010759,-111.9597113,-3.0078064,8.0681461,3.9946193
65.5405925,-112.2548403,-3.0091719,8.2153208,3.9465609
65.5803356,-112.5548406,-3.0106090,8.3581804,3.8990806
65.6192154,-112.8516904,-3.0121263,8.4969628,3.8521716
65.6576431,-113.1486902,-3.0136900,8.6318846,3.8058269
65.6959302,-113.4477527,-3.0147124,8.7631434,3.7600398
65.7334872,-113.7426299,-3.0149794,8.8909203,2.3919413
65.7716556,-114.0427265,-3.0154699,8.9712583,-12.6747048
65.8089861,-114.3394749,-3.0177461,8.5369472,-12.6780552
65.8454660,-114.6367273,-3.0206624,8.0791987,-11.3098010
65.8821869,-114.9348894,-3.0158679,7.6477643,-10.9531402
65.9214694,-115.2306153,-3.0021018,7.2053536,-9.2967022
65.9634562,-115.5292432,-3.0076749,6.8073267,-3.8958537
65.9979976,-115.8254466,-3.0495870,6.6334332,-3.5885180
66.0158411,-116.1263313,-3.1154975,6.4691233,-3.5491901
66.0137102,-116.4252848,3.1010650,6.3024020,-3.8510681
65.9913017,-116.7248210,3.0320599,6.1163615,-3.6678380
65.9476884,-117.0212125,2.9579866,5.9337519,-3.6030345
65.8815946,-117.3129747,2.8794756,5.7487236,-3.8906764
65.7928909,-117.5992558,2.8034946,5.5419913,-4.6038884
65.6833180,-117.8780341,2.7292027,5.2869302,-1.1697260
65.5499070,-118.1461782,2.6239864,5.2201408,-0.5399585
65.3844176,-118.3954098,2.4835988,5.1890201,-0.5399585
65.1896357,-118.6216504,2.3912441,5.1577117,4.7665376
64.9802875,-118.8397464,2.3741978,5.4278546,4.7091924
64.7727462,-119.0542956,2.3628371,5.6821490,4.6525371
64.5558327,-119.2625978,2.3010084,5.9226717,1.3467701
64.3263408,-119.4518189,2.2270368,5.9904938,4.5803607
64.0846623,-119.6315615,2.2015148,6.2156204,4.5252553
63.8428176,-119.8102060,2.2154711,6.4303032,4.4708129
63.6047915,-119.9914224,2.2257719,6.6355858,4.4170254
63.3659169,-120.1752011,2.2257548,6.8323444,4.3638851
63.1297158,-120.3560990,2.2233768,7.0213232,4.3113841
62.8899880,-120.5392221,2.2232303,7.2031613,4.2595147
62.6524238,-120.7209783,2.2245018,7.3784122,4.2082694
62.4145577,-120.9033323,2.2250642,7.5475597,4.1576406
62.1750120,-121.0870326,2.2248272,7.7110294,4.1076208
61.9382918,-121.2684147,2.2244025,7.8691983,4.0582029
61.6992750,-121.4514189,2.2241002,8.0224025,4.0093795
61.4609513,-121.6337978,2.2238714,8.1709432,3.9611435
61.2229811,-121.8157962,2.2234987,8.3150913,3.9134878
60.9835666,-121.9987253,2.2229552,8.4550922,3.8664054
60.7455261,-122.1804102,2.2226021,8.5911686,3.8198895
60.5069396,-122.3625013,2.2229004,8.7235237,3.7739332
60.2681617,-122.5449714,2.2237658,8.8523433,3.7285298
60.0297401,-122.7273324,2.2233955,8.9777982,3.6836726
59.7912662,-122.9092210,2.2210499,9.1000454,3.6393551
59.5516841,-123.0907380,2.2173765,9.2192302,3.5955707
59.3116682,-123.2714876,2.2155159,9.3354869,3.5523132
59.0727962,-123.4510972,2.2158944,9.4489404,3.5095760
58.8319880,-123.6326029,2.2173879,9.5597069,3.4673530
58.5928359,-123.8133141,2.2182981,9.6678945,3.4256380
58.3542504,-123.9938258,2.2186294,9.7736046,3.3844249
58.1142214,-124.1755233,2.2188899,9.8769319,3.3437076
57.8760462,-124.3559354,2.2192597,9.9779653,3.3034801
57.6365431,-124.5375098,2.2196913,10.0767886,3.2637366
57.3975624,-124.7188358,2.2200379,10.1734802,3.2244713
57.1593537,-124.8996882,2.2202901,10.2681145,3.1856783
56.9198448,-125.0816121,2.2204933,10.3607614,3.1473521
56.6816027,-125.2626441,2.2206651,10.4514872,3.1094869
56.4425562,-125.4443463,2.2208045,10.5403547,3.0720773
56.2038033,-125.6258707,2.2209065,10.6274233,3.0351178
55.9653999,-125.8071607,2.2209706,10.7127494,2.9986029
55.7264075,-125.9889174,2.2210094,10.7963869,2.9625274
55.4879682,-126.1702642,2.2210272,10.8783866,2.9268858
55.2491632,-126.3518926,2.2210302,10.9587973,2.8916730
55.0104608,-126.5334433,2.2210302,11.0376653,2.8568839
54.7718495,-126.7149243,2.2210280,11.1150350,2.8225133
54.5331740,-126.8964539,2.2210294,11.1909485,2.7885563
54.2942763,-127.0781539,2.2210356,11.2654464,2.7550077
54.0559198,-127.2594491,2.2210758,11.3385674,2.7218628
53.8170515,-127.4411609,2.2211803,11.4103485,2.6891166
53.5785352,-127.6226548,2.2213275,11.4808253,2.6567644
53.3400321,-127.8041852,2.2214188,11.5500319,2.6248014
53.1008301,-127.9862692,2.2214448,11.6180010,2.5932230
52.8630070,-128.1673460,2.2217347,11.6847642,2.5620244
52.6240048,-128.3495220,2.2225096,11.7503517,2.5312012
52.3859412,-128.5313344,2.2233853,11.8147925,2.5007489
52.1478204,-128.7132928,2.2229522,11.8781148,2.4706629
51.9082896,-128.8958951,2.2211150,11.9403455,2.4409388
51.6700405,-129.0767878,2.2194942,12.0015106,2.4115724
51.4305758,-129.2582335,2.2191494,12.0616352,2.3825593
51.1912259,-129.4396844,2.2198334,12.1207436,2.3538952
50.9522919,-129.6210676,2.2203463,12.1788592,2.3255760
50.7133428,-129.8025914,2.2205200,12.2360045,2.2975974
50.4741205,-129.9843173,2.2202952,12.2922015,2.2699555
50.2352064,-130.1656361,2.2196013,12.3474712,-10.4552290
49.9959707,-130.3468568,2.2186089,12.0908056,-14.1695605
49.7563337,-130.5282200,2.2189941,11.7340000,-13.2448316
49.5180706,-130.7090274,2.2211952,11.3903780,-13.2455620
49.2786210,-130.8915706,2.2220127,11.0360422,-10.4957190
49.0397205,-131.0726936,2.2157628,10.7469750,-9.7181444
48.7992030,-131.2513461,2.2030037,10.4722113,-9.6835698
48.5555878,-131.4279672,2.1944678,10.1910594,-12.4545426
48.3130992,-131.6020413,2.1936582,9.8176254,-12.9237746
48.0686949,-131.7782304,2.1968625,9.4144748,-13.1338227
47.8261333,-131.9538981,2.1979540,8.9862611,-13.3393404
47.5836183,-132.1295462,2.1972198,8.5293694,-13.0644732
47.3404950,-132.3054888,2.1975181,8.0568170,-12.7423897
47.0983237,-132.4811466,2.1993848,7.5675416,-12.6171903
46.8558625,-132.6575264,2.1993035,7.0496939,-11.9057858
46.6128531,-132.8334560,2.1948126,6.5234561,-11.9048527
46.3711441,-133.0063906,2.1903346,5.9509104,-11.4177983
46.1278470,-133.1807844,2.1969503,5.3444729,-11.4143614
45.8832702,-133.3603942,2.2090246,4.6599902,-6.3825121
45.6371612,-133.5354311,2.1539668,4.2292331,-0.3544208
45.3777397,-133.6828818,2.0041112,4.2040199,-0.3544208
45.0968544,-133.7794516,1.8089497,4.1786545,2.0919490
44.8010428,-133.8296032,1.6801987,4.3262210,4.9246754
44.4995569,-133.8513046,1.6112700,4.6551774,4.8654276
44.1986610,-133.8531203,1.5389994,4.9587922,4.7551499
43.9013332,-133.8303751,1.4462258,5.2385497,1.8930430
43.6015567,-133.7777391,1.3532628,5.3458495,4.2636521
43.3117383,-133.7038064,1.2940415,5.5799663,-5.0520599
43.0224259,-133.6164202,1.2654626,5.3014256,-11.0913884
42.7368763,-133.5253939,1.2638363,4.6315218,-11.0547131
42.4499735,-133.4378013,1.2802513,3.8495296,-2.1218746
42.1638992,-133.3389231,1.1624305,3.6804742,-0.2684130
41.9154473,-133.1848274,0.8580832,3.6585325,-0.2684130
41.7062018,-132.9691698,0.7303478,3.6364583,5.0348163
41.5001384,-132.7580143,0.8147748,4.0304336,4.9742434
41.2833491,-132.5492082,0.7671453,4.3850451,4.0874472
41.0958706,-132.3302400,0.6476387,4.6562674,2.2448079
40.9255444,-132.0693588,0.5068589,4.7987046,0.6895681
40.8002429,-131.8064640,0.3886068,4.8416177,3.3519634
40.6982315,-131.5180623,0.2956201,5.0450198,4.7475399
40.6221690,-131.2294138,0.2199215,5.3198161,4.2386239
40.5679402,-130.9334631,0.1419948,5.5536784,3.2133591
40.5373805,-130.6325321,0.0598724,5.7246094,2.3423799
40.5318589,-130.3326122,-0.0234502,5.8460611,-0.1373690
40.5518785,-130.0328768,-0.1108609,5.8390082,-2.2653559
40.5993519,-129.7334976,-0.2044452,5.7214465,-1.6045403
40.6743286,-129.4437947,-0.3035372,5.6366948,-0.9506229
40.7796194,-129.1620853,-0.4131959,5.5858765,-0.6182706
40.9160358,-128.8936873,-0.5280282,5.5525754,-0.6182706
41.0800074,-128.6469961,-0.6455322,5.5190734,-0.1857514
41.2737308,-128.4148821,-0.7375780,5.5089683,4.5843770
41.4783593,-128.2006465,-0.7787752,5.7531785,4.6362487
41.6922329,-127.9880163,-0.7994292,5.9900346,4.5804710
41.9090681,-127.7830064,-0.8288020,6.2151831,4.5253643
42.1312350,-127.5850476,-0.8536486,6.4298856,4.4709205
42.3591031,-127.3878395,-0.8577221,6.6351860,4.4171318
42.5827254,-127.1929216,-0.8507702,6.8319608,4.3639902
42.8090893,-126.9940055,-0.8499914,7.0209544,4.3114879
43.0336732,-126.7974516,-0.8539940,7.2028061,4.2596173
43.2598276,-126.6011849,-0.8579951,7.3780697,4.2083707
43.4892656,-126.4035910,-0.8616151,7.5472289,4.1577407
43.7148138,-126.2107444,-0.8652218,7.7107095,4.1077198
43.9462521,-126.0143646,-0.8691417,7.8688886,4.0583006
44.1743129,-125.8223911,-0.8729965,8.0221024,4.0094761
44.4044863,-125.6300683,-0.8764270,8.1706520,3.9612389
44.6375598,-125.4366009,-0.8794812,8.3148086,3.9135820
44.8673229,-125.2469675,-0.8820190,8.4548175,3.8664985
45.0999074,-125.0559051,-0.8840982,8.5909016,3.8199815
45.3327911,-124.8653182,-0.8857212,8.7232639,3.7740241
45.5648836,-124.6759090,-0.8868327,8.8520904,3.7286196
45.7980171,-124.4859851,-0.8874487,8.9775518,3.6837613
46.0311131,-124.2962377,-0.8875985,9.0998052,3.6394427
46.2639180,-124.1067078,-0.8873511,9.2189960,3.5956574
46.4961640,-123.9174611,-0.8867087,9.3352584,3.5523987
46.7296988,-123.7268382,-0.8856835,9.4487174,3.5096606
46.9618958,-123.5368436,-0.8843118,9.5594890,3.4674366
47.1931140,-123.3470496,-0.8825759,9.6676817,3.4257205
47.4266590,-123.1546086,-0.8805788,9.7733966,-3.8430768
47.6568563,-122.9641224,-0.8784194,9.6547233,-12.9536377
47.8883202,-122.7716958,-0.8759784,9.2435022,-12.7105579
48.1199513,-122.5780726,-0.8729961,8.8213841,-12.4750396
48.3457701,-122.3880520,-0.8694329,8.3864532,-12.4779663
48.5787651,-122.1906635,-0.8671075,7.9275861,-12.3346176
48.8059178,-121.9981211,-0.8689904,7.4462504,-12.3366280
49.0360868,-121.8044984,-0.8729910,6.9314834,-10.8650983
49.2658785,-121.6108604,-0.8658613,6.4441526,-9.8227288
49.4901634,-121.4163447,-0.8449521,5.9694303,-9.7992634
49.7126190,-121.2141649,-0.8217027,5.4548300,-9.7020404
49.9288021,-121.0089408,-0.8001780,4.8922971,-4.3851595
50.1384863,-120.7926645,-0.7265545,4.6155994,-0.4221358
50.3197691,-120.5575303,-0.5749580,4.5880828,-0.4221358
50.4632331,-120.2978060,-0.4488807,4.5604001,4.8829429
50.5871025,-120.0210297,-0.4059161,4.8710061,4.8241972
50.7002828,-119.7463398,-0.3676487,5.1595454,4.7661583
50.7978480,-119.4597124,-0.2808317,5.4295761,0.7506258
50.8645830,-119.1697163,-0.1725599,5.4708887,0.8373024
50.9007157,-118.8706884,-0.0686771,5.5166068,1.0960772
50.9064890,-118.5713534,0.0274076,5.5758880,2.4127137
50.8863885,-118.2721770,0.1032902,5.7042089,4.2254610
50.8464137,-117.9735863,0.1600971,5.9222465,4.5966644
50.7917778,-117.6792449,0.2056056,6.1506672,4.5413628
50.7245644,-117.3858260,0.2435137,6.3682990,4.4867266
50.6480563,-117.0958185,0.2694131,6.5762435,4.4327477
50.5665676,-116.8069892,0.2776202,6.7754219,4.3794183
50.4851379,-116.5183049,0.2713221,6.9666140,4.3267304
50.4054899,-116.2292601,0.2672233,7.1504875,4.2746764
50.3263098,-115.9399216,0.2677427,7.3276191,4.2232486
50.2468825,-115.6513558,0.2692544,7.4985118,4.1724396
50.1668820,-115.3617540,0.2695940,7.6636071,4.1222418
50.0871958,-115.0731326,0.2691897,7.8232956,4.0726480
50.0074398,-114.7839739,0.2691367,7.9779245,4.0236508
49.9275238,-114.4944011,0.2694677,8.1278048,3.9752431
49.8477912,-114.2059410,0.2698760,8.2732159,3.9274178
49.7675307,-113.9160166,0.2702575,8.4144102,3.8801678
49.6875681,-113.6275861,0.2706300,8.5516168,3.8334863
49.6072859,-113.3384394,0.2710365,8.6850443,3.7873664
49.5267932,-113.0490100,0.2714736,8.8148835,3.7418014
49.4464240,-112.7605075,0.2718920,8.9413092,3.6967845
49.3656379,-112.4709600,0.2722806,9.0644825,3.6523093
49.2849948,-112.1823387,0.2726302,9.1845519,3.6083691
49.2041652,-111.8934111,0.2729281,9.3016548,3.5649576
49.1231703,-111.6041958,0.2731743,9.4159189,3.5220683
49.0422605,-111.3155242,0.2733566,9.5274625,3.4796950
48.9612110,-111.0265192,0.2734715,9.6363964,3.4378315
48.8801547,-110.7375803,0.2735188,9.7428236,3.3964717
48.7991169,-110.4487214,0.2734971,9.8468410,3.3556094
48.7181062,-110.1598968,0.2734065,9.9485389,3.3152388
48.6370477,-109.8707657,0.2732548,10.0480026,3.2753538
48.5561638,-109.5820579,0.2730468,10.1453121,3.2359487
48.4752702,-109.2930549,0.2727944,10.2405429,3.1970177
48.3944537,-109.0040512,0.2725551,10.3337662,3.1585550
48.3138640,-108.7156038,0.2723368,10.4250493,3.1205551
48.2330993,-108.4263001,0.2721452,10.5144560,3.0830123
48.1525358,-108.1375225,0.2719876,10.6020467,3.0459212
48.0719801,-107.8486152,0.2718609,10.6878787,3.0092764
47.9914198,-107.5595582,0.2717472,10.7720064,2.9730724
47.9110054,-107.2709037,0.2716438,10.8544818,2.9373040
47.8304598,-106.9816689,0.2715531,10.9353540,2.9019659
47.7500365,-106.6927806,0.2714778,11.0146702,2.8670529
47.6696189,-106.4038371,0.2714171,11.0924753,2.8325600
47.5891864,-106.1147780,0.2713660,11.1688120,2.7984821
47.5088426,-105.8259851,0.2713237,11.2437214,2.7648141
47.4284114,-105.5368356,0.2712893,11.3172426,2.7315512
47.3480470,-105.2478915,0.2712620,11.3894133,2.6986885
47.2676824,-104.9589202,0.2712414,11.4602694,2.6662211
47.1873044,-104.6698801,0.2712256,11.5298454,2.6341443
47.1069730,-104.3809927,0.2712142,11.5981745,2.6024535
47.0265900,-104.0919089,0.2712064,11.6652886,2.5711439
46.9462396,-103.8029352,0.2712012,11.7312181,2.5402110
46.8658868,-103.5139483,0.2711984,11.7959926,2.5096502
46.7855257,-103.2249294,0.2711971,11.8596404,2.4794572
46.7051829,-102.9359758,0.2711970,11.9221887,2.4496273
46.6248184,-102.6469443,0.2711976,11.9836640,2.4201564
46.5444645,-102.3579517,0.2711985,12.0440915,2.3910400
46.4641099,-102.0689578,0.2711995,12.1034958,2.3622738
46.3837522,-101.7799536,0.2712001,12.1619005,2.3338538
46.3033962,-101.4909558,0.2712003,12.2193283,2.3057757
46.2230407,-101.2019598,0.2711999,12.2758015,2.2780354
46.1426826,-100.9129537,0.2711987,12.3313412,2.2506288
46.0623274,-100.6239564,0.2711968,12.3859682,2.2235520
45.9819727,-100.3349582,0.2711940,12.4397024,2.1968009
45.9016125,-100.0459364,0.2711904,12.4925632,2.1703716
45.8212648,-99.7569554,0.2711860,12.5445693,2.1442603
45.7409090,-99.4679397,0.2711808,12.5957389,2.1184632
45.6605591,-99.1789389,0.2711750,12.6460895,2.0929764
45.5802114,-98.8899395,0.2711686,12.6956382,2.0677962
45.4998570,-98.6009085,0.2711618,12.7444017,2.0429190
45.4195182,-98.3119257,0.2711548,12.7923960,2.0183410
45.3391711,-98.0229053,0.2711478,12.8396366,1.9940588
45.2588301,-97.7338988,0.2711408,12.8861389,1.9700687
45.1784916,-97.4448940,0.2711341,12.9319175,1.9463672
45.0981485,-97.1558652,0.2711279,12.9769867,1.9229508
45.0178162,-96.8668687,0.2711224,13.0213606,1.8998162
44.9374794,-96.5778502,0.2711179,13.0650526,1.8769599
44.8571451,-96.2888363,0.2711144,13.1080759,1.8543786
44.7768124,-95.9998250,0.2711124,13.1504434,1.8320689
44.6964785,-95.7108084,0.2711118,13.1921676,1.8100277
44.6161445,-95.4217911,0.2711130,13.2332606,1.7882516
44.5358121,-95.1327826,0.2711163,13.2737343,1.7667375
44.4554748,-94.8437608,0.2711217,13.3136002,1.7454823
44.3751371,-94.5547454,0.2711296,13.3528696,1.7244827
44.2948022,-94.2657502,0.2711399,13.3915535,1.7037358
44.2144512,-93.9767100,0.2711529,13.4296626,1.6832386
44.1341100,-93.6877212,0.2711689,13.4672073,1.6629879
44.0537522,-93.3986923,0.2711880,13.5041978,1.6429808
43.9733919,-93.1096779,0.2712105,13.5406440,1.6232144
43.8930376,-92.8207121,0.2712366,13.5765557,1.6036859
43.8126471,-92.5316479,0.2712668,13.6119423,1.5843923
43.7322768,-92.2426923,0.2713017,13.6468130,1.5653308
43.6518730,-91.9536581,0.2713408,13.6811770,1.5464986
43.5714652,-91.6646546,0.2713824,13.7150430,1.5278930
43.4910660,-91.3757298,0.2714264,13.7484196,1.5095112
43.4106132,-91.0866626,0.2714713,13.7813153,1.4913506
43.3301885,-90.7977464,0.2715162,13.8137383,1.4734085
43.2497206,-90.5087255,0.2715609,13.8456966,1.4556822
43.1692505,-90.2197459,0.2716043,13.8771982,1.4381692
43.0887879,-89.9308410,0.2716463,13.9082508,1.4208669
43.0082759,-89.6418038,0.2716852,13.9388618,1.4037727
42.9277915,-89.3529072,0.2717201,13.9690387,1.3868842
42.8472712,-89.0639186,0.2717500,13.9987886,1.3701989
42.7667526,-88.7749648,0.2717719,14.0281187,1.3537143
42.6862410,-88.4860560,0.2717858,14.0570358,-1.6160438
42.6057096,-88.1970893,0.2717964,14.0225081,-15.7486131
42.5251834,-87.9081521,0.2718053,13.6814684,-15.5573756
42.4446646,-87.6192481,0.2718039,13.3360097,-15.3568246
42.3641377,-87.3302978,0.2717740,12.9859944,-15.1796761
42.2836272,-87.0413575,0.2717213,12.6304878,-14.9953544
42.2031489,-86.7524983,0.2717263,12.2691880,-14.7798558
42.1225915,-86.4634073,0.2718143,11.9023532,-14.6132527
42.0421140,-86.1747026,0.2718446,11.5281829,-14.3194679
41.9615936,-85.8857135,0.2715767,11.1493607,-14.2557439
41.8811949,-85.5967079,0.2711101,10.7589830,-13.7964418
41.8009050,-85.3079713,0.2715269,10.3671953,-13.2796403
41.7201366,-85.0186365,0.2731106,9.9755606,-13.2807320
41.6392016,-84.7304407,0.2737953,9.5678746,-12.1567050
41.5584655,-84.4414532,0.2703800,9.1788335,-12.1575616
41.4791653,-84.1516893,0.2641887,8.7725270,-10.3992009
41.4004452,-83.8622203,0.2693964,8.4094221,-7.1065875
41.3179768,-83.5736297,0.2898430,8.1519865,-6.9793484
41.2283479,-83.2872445,0.3143136,7.8909901,-9.7943227
41.1341185,-83.0025222,0.3220256,7.5094449,-12.7424133
41.0399243,-82.7172853,0.3150699,6.9819148,-7.6310192
40.9451058,-82.4316395,0.3321338,6.6459773,-2.2041699
40.8408370,-82.1514704,0.3868946,6.5457356,-1.6345636
40.7172209,-81.8777172,0.4561143,6.4703958,-5.2193925
40.5801972,-81.6109565,0.4860130,6.2237225,-11.5935436
40.4404408,-81.3451895,0.4794614,5.6373170,-6.6621654
40.2985098,-81.0791202,0.5112046,5.2709081,-0.5505120
40.1420778,-80.8261274,0.6075512,5.2394848,-0.5505120
39.9560763,-80.5894361,0.7111365,5.2078718,4.7561111
39.7564826,-80.3655078,0.7306948,5.4749693,4.6254945
39.5604805,-80.1365995,0.6862967,5.7227867,-5.7125532
39.3691863,-79.9050135,0.7098252,5.4150830,-0.5810402
39.1645044,-79.6897917,0.8222644,5.3828001,-0.5810402
38.9336115,-79.4960878,0.9113476,5.3503225,4.7259502
38.6953162,-79.3168636,0.9285921,5.6090299,4.6690933
38.4533651,-79.1346939,0.9267328,5.8534068,4.6129204
38.2140361,-78.9588832,0.9524380,6.0852138,4.5574233
37.9645973,-78.7903639,1.0047278,6.3058693,1.2102766
37.7067779,-78.6392463,1.0806970,6.3631812,-0.8119668
37.4384586,-78.5091033,1.1476914,6.3247883,4.4978019
37.1634187,-78.3875855,1.1511884,6.5346262,4.4436897
36.8943587,-78.2637909,1.1375712,6.7355227,1.4957837
36.6180084,-78.1424870,1.1868074,6.8018116,-0.9277669
36.3385151,-78.0431482,1.2696466,6.7607722,0.1564124
36.0490087,-77.9629752,1.3269778,6.7677084,4.3815131
35.7539953,-77.8953423,1.3621404,6.9592028,4.3288001
35.4613980,-77.8396196,1.4057808,7.1433539,2.1312514
35.1601422,-77.7983898,1.4663681,7.2322969,-0.7833229
34.8643537,-77.7760278,1.5182774,7.1997344,4.2605045
34.5638260,-77.7636268,1.5351276,7.3751070,4.2092473
34.2622488,-77.7513358,1.5217865,7.5443675,4.1586067
33.9641530,-77.7352463,1.5147278,7.7079425,4.1085753
33.6630656,-77.7193360,1.5239372,7.8662099,4.0591459
33.3633041,-77.7082869,1.5438265,8.0195064,4.0103112
33.0635256,-77.7025350,1.5583125,8.1681339,3.9620639
32.7624237,-77.7001605,1.5664602,8.3123640,3.9143972
32.4617603,-77.6994634,1.5701269,8.4524423,3.8673038
32.1615840,-77.6995424,1.5716354,8.5885921,3.8207771
31.8617731,-77.6997524,1.5710504,8.7210169,3.7748101
31.5599757,-77.6997210,1.5705274,8.8499027,3.7293962
31.2609089,-77.6997088,1.5711841,8.9754206,3.6845286
30.9605821,-77.7000569,1.5726471,9.0977280,0.2768773
30.6594940,-77.7006246,1.5723411,9.1068526,-12.5495199
30.3620824,-77.7007564,1.5697435,8.6836548,-12.5500579
30.0596815,-77.7001035,1.5688116,8.2387277,-10.8678049
29.7602429,-77.7003792,1.5760384,7.8330486,-8.5459493
29.4608649,-77.7041491,1.5927801,7.4986420,-5.0062735
29.1592907,-77.7155243,1.6277340,7.2956281,-1.0546815
28.8636227,-77.7401525,1.6838636,7.2521341,-1.0546815
28.5639949,-77.7834545,1.7386685,7.2083776,4.2580072
28.2699951,-77.8366571,1.7542673,7.3834435,4.2067800
27.9748637,-77.8892364,1.7404691,7.5524191,4.1561691
27.6796387,-77.9407462,1.7520859,7.7157287,4.1061671
27.3872060,-78.0002400,1.7951422,7.8737478,0.1421708
27.0965450,-78.0745756,1.8475669,7.8791623,-0.3169747
26.8105752,-78.1642526,1.9020349,7.8670854,-0.0942730
26.5296306,-78.2673579,1.9372683,7.8634900,4.0600038
26.2494456,-78.3759481,1.9381014,8.0168707,-3.0850448
25.9693321,-78.4818533,1.9328690,7.9005942,-1.2368455
25.6901515,-78.5924006,1.9699211,7.8534935,-1.2368455
25.4185481,-78.7178872,2.0365088,7.8061087,-0.7214836
25.1538559,-78.8585372,2.0764344,7.7783346,-4.8193163
24.8916213,-79.0060162,2.0862675,7.5902049,-7.6838334
24.6321787,-79.1556034,2.1051922,7.2802064,-4.0576892
24.3762725,-79.3137269,2.1471428,7.1110514,-3.4135700
24.1297834,-79.4814910,2.1832106,6.9655675,-9.8853563
23.8841719,-79.6547854,2.1809747,6.5259906,-9.8068464
23.6355907,-79.8237932,2.1594531,6.0584715,-5.2745958
23.3878274,-79.9934765,2.1937517,5.7914298,-0.6646110
23.1522209,-80.1788587,2.2902058,5.7569032,-0.6646110
22.9361771,-80.3856112,2.3681529,5.7221684,4.6433848
22.7291088,-80.6038028,2.3867430,5.9606160,4.5875212
22.5215067,-80.8198443,2.3645262,6.1871771,4.5323297
22.3091089,-81.0313811,2.3445168,6.4031450,4.4778021
22.0923698,-81.2397352,2.3305057,6.6095884,-0.1395706
21.8758710,-81.4476835,2.3483267,6.6032512,-1.5895236
21.6676023,-81.6635651,2.4068313,6.5306442,-0.9346518
21.4751899,-81.8930096,2.4722537,6.4875714,-7.3496017
21.2912493,-82.1299639,2.4810679,6.1383463,-9.7411582
21.1024774,-82.3638492,2.4413698,5.6422715,-7.7999841
20.9086745,-82.5936415,2.4538325,5.2111169,-0.5380933
20.7281010,-82.8321162,2.5467845,5.1800500,-0.5380933
20.5764680,-83.0894111,2.6603419,5.1487957,4.4372622
20.4449491,-83.3596775,2.7057122,5.4011266,4.7149966
20.3166870,-83.6319113,2.6909575,5.6569305,4.6582715
20.1840452,-83.9011323,2.6797182,5.8987732,4.6022288
20.0512415,-84.1693134,2.6869553,6.1283413,4.5468603
19.9220371,-84.4398294,2.7055182,6.3469985,4.4921580
19.7981536,-84.7130705,2.7267816,6.5558673,4.4381137
19.6803860,-84.9890208,2.7488686,6.7558847,4.3847197
19.5674740,-85.2669650,2.7605171,6.9478434,4.3319680
19.4561085,-85.5454827,2.7598722,7.1324210,4.2798510
19.3436426,-85.8235841,2.7552587,7.3102028,4.2283610
19.2303689,-86.1012991,2.7539137,7.4816983,4.1774905
19.1171822,-86.3789245,2.7551438,7.6473547,4.1272319
19.0042681,-86.6567607,2.7558634,7.8075673,4.0775781
18.8913414,-86.9348524,2.7557150,7.9626875,4.0285216
18.7785035,-87.2124607,2.7553778,8.1130293,3.9800552
18.6654255,-87.4904895,2.7552883,8.2588754,3.9321720
18.5524800,-87.7682090,2.7553845,8.4004805,3.8848649
18.4395230,-88.0460285,2.7554549,8.5380759,3.8381269
18.3264456,-88.3241830,2.7554826,8.6718723,3.7919511
18.2136249,-88.6017257,2.7555163,8.8020620,3.7463310
18.1005796,-88.8798607,2.7555823,8.9288215,3.7012596
17.9877143,-89.1576172,2.7556745,9.0523130,3.6567305
17.8748362,-89.4354820,2.7557746,9.1726863,3.6127372
17.7618455,-89.7137066,2.7558812,9.2900798,3.5692731
17.6491352,-89.9913280,2.7559931,9.4046221,3.5263319
17.5362422,-90.2694908,2.7561104,9.5164326,3.4839073
17.4234986,-90.5473806,2.7562309,9.6256226,3.4419931
17.3107783,-90.8253080,2.7563486,9.7322959,3.4005832
17.1979593,-91.1035717,2.7564630,9.8365499,3.3596715
17.0853738,-91.3813482,2.7565702,9.9384758,3.3192520
16.9726761,-91.6594834,2.7566682,10.0381591,3.2793187
16.8600456,-91.9375273,2.7567559,10.1356805,3.2398659
16.7474597,-92.2155254,2.7568292,10.2311158,3.2008878
16.6348134,-92.4937255,2.7568879,10.3245366,3.1623785
16.5222723,-92.7717065,2.7569298,10.4160108,3.1243326
16.4097015,-93.0497866,2.7569532,10.5056022,3.0867444
16.2971231,-93.3278968,2.7569578,10.5933718,3.0496084
16.1845552,-93.6059769,2.7569420,10.6793771,3.0129192
16.0720101,-93.8839796,2.7569055,10.7636728,2.9766714
15.9593752,-94.1621665,2.7568482,10.8463111,2.9408597
15.8467874,-94.4401830,2.7567699,10.9273414,2.9054788
15.7341665,-94.7182101,2.7566706,11.0068111,2.8705236
15.6214541,-94.9963760,2.7565515,11.0847652,2.8359889
15.5088553,-95.2741586,2.7564130,11.1612468,2.8018697
15.3960162,-95.5524156,2.7562559,11.2362971,2.7681610
15.2832515,-95.8303576,2.7560834,11.3099554,2.7348578
15.1704790,-96.1081751,2.7558954,11.3822594,2.7019553
15.0574777,-96.3864008,2.7556947,11.4532453,2.6694486
14.9446842,-96.6639508,2.7554833,11.5229478,2.6373331
14.8315460,-96.9421761,2.7552624,11.5914001,2.6056038
14.7184947,-97.2200104,2.7550385,11.6586341,2.5742564
14.6054852,-97.4975630,2.7548128,11.7246807,2.5432860
14.4921668,-97.7757015,2.7546100,11.7895694,2.5126883
14.3791038,-98.0530656,2.7544410,11.8533285,2.4824586
14.2657547,-98.3310102,2.7543047,11.9159856,2.4525927
14.1524710,-98.6086991,2.7542004,11.9775669,2.4230860
14.0392210,-98.8862352,2.7541277,12.0380981,2.3939344
13.9258341,-99.1640583,2.7540766,12.0976036,2.3651335
13.8125396,-99.4416219,2.7540444,12.1561071,2.3366790
13.6991759,-99.7193366,2.7540290,12.2136316,2.3085669
13.5858171,-99.9970323,2.7540271,12.2701992,2.2807930
13.4724821,-100.2746737,2.7540381,12.3258313,2.2533533
13.3591510,-100.5523174,2.7540568,12.3805486,2.2262436
13.2457385,-100.8301780,2.7540817,12.4343712,2.1994602
13.1325022,-101.1076285,2.7541108,12.4873184,2.1729989
13.0191317,-101.3854318,2.7541417,12.5394091,2.1468560
12.9058267,-101.6630995,2.7541738,12.5906615,2.1210276
12.7925741,-101.9406638,2.7542036,12.6410931,2.0955100
12.6790719,-102.2188622,2.7542308,12.6907213,2.0702993
12.5660059,-102.4960121,2.7542554,12.7395625,2.0453920
12.4526255,-102.7739514,2.7542778,12.7876330,2.0207843
12.3393645,-103.0516146,2.7542965,12.8349483,1.9964726
12.2261764,-103.3291094,2.7543031,12.8815237,1.9724535
12.1125811,-103.6076026,2.7542964,12.9273740,1.9487233
11.9996374,-103.8844926,2.7542948,12.9725135,-7.8102886
11.8862460,-104.1624881,2.7543162,12.7906386,-15.0963794
11.7729640,-104.4402396,2.7543462,12.4315558,-14.8654669
11.6598610,-104.7175454,2.7542869,12.0675290,-14.6447561
11.5461809,-104.9961761,2.7541208,11.6978351,-14.5248574
11.4331322,-105.2731316,2.7540416,11.3192476,-14.2109965
11.3197388,-105.5510139,2.7543296,10.9361641,-14.1063591
11.2062708,-105.8294477,2.7549080,10.5421429,-13.7192221
11.0931573,-106.1071959,2.7545701,10.1442657,-13.1640397
10.9796583,-106.3850909,2.7528981,9.7472330,-13.1669271
10.8654744,-106.6630605,2.7513408,9.3332332,-12.0636766
10.7516264,-106.9407542,2.7545451,8.9371032,-11.1638645
10.6396427,-107.2184606,2.7628603,8.5541928,-11.1560810
10.5286207,-107.4987069,2.7627189,8.1536056,-7.0649937
10.4155597,-107.7760746,2.7430248,7.8894070,-5.9526554
10.2940904,-108.0507175,2.7061017,7.6597345,-5.8379771
10.1624424,-108.3213301,2.6727883,7.4275919,-7.6112528
10.0244411,-108.5850207,2.6473698,7.1135688,-9.3463938
9.8778549,-108.8499383,2.6246384,6.7078779,-9.3463351
9.7269380,-109.1079997,2.5997795,6.2760200,-7.4410500
9.5681133,-109.3635180,2.5679280,5.9096765,-3.5894184
9.3975151,-109.6115892,2.5040862,5.7245835,-0.9853723
9.2096392,-109.8413831,2.4025713,5.6727150,-0.7268782
8.9958674,-110.0557536,2.3227525,5.6341473,-7.1841657
8.7764563,-110.2554698,2.3065263,5.2377074,-8.0989153
8.5500143,-110.4605504,2.2927226,4.7512894,-0.4473206
8.3196977,-110.6457311,2.1861996,4.7229639,-0.4473206
8.0618225,-110.7999087,2.0525231,4.6944674,-6.5943304
7.7960306,-110.9355592,2.0575470,4.2522759,-7.0152651
7.5334504,-111.0865116,2.1004090,3.7246669,-0.2748975
7.2695178,-111.2209393,1.9478318,3.7024617,-0.2748975
6.9857735,-111.2996491,1.7697421,3.6801225,5.0284097
6.6870904,-111.3583090,1.7912553,4.0694009,4.9679140
6.4017822,-111.4303241,1.8213335,4.4204584,4.9081460
6.1029202,-111.4938264,1.7191988,4.7418376,-0.0646097
5.8128171,-111.5177987,1.5971372,4.7377486,4.2971143
5.5076018,-111.5133185,1.5227159,5.0024248,4.7981767
5.2094624,-111.4922616,1.4781581,5.2823149,4.7404508
4.9114717,-111.4572911,1.4287777,5.5449812,4.6834195
4.6133236,-111.4063443,1.3745420,5.7928030,4.6270742
4.3232036,-111.3429488,1.3414309,6.0276457,4.5714068
4.0285215,-111.2724212,1.3345906,6.2510049,4.5164092
3.7374580,-111.2039050,1.3445736,6.4641022,4.4620732
3.4454736,-111.1375680,1.3491141,6.6679513,4.4083909
3.1495099,-111.0707327,1.3472402,6.8634047,4.3553545
2.8600583,-111.0042561,1.3430829,7.0511883,4.3029561
2.5675651,-110.9360019,1.3402265,7.2319260,4.2511881
2.2736725,-110.8667322,1.3386064,7.4061591,4.2000429
1.9831082,-110.7978458,1.3374369,7.5743612,4.1495131
1.6905938,-110.7281442,1.3363205,7.7369496,4.0995911
1.3973055,-110.6579227,1.3353395,7.8942941,4.0502698
1.1046171,-110.5877004,1.3355637,8.0467248,4.0015418
0.8130911,-110.5180605,1.3373172,8.1945377,3.9534001
0.5192792,-110.4486689,1.3406684,8.3379994,3.9058376
0.2242665,-110.3802544,1.3454095,8.4773513,3.8588472
-0.0649665,-110.3148332,1.3515690,8.6128128,-7.8181321
-0.3631810,-110.2496185,1.3597374,8.3360763,-10.9074682
-0.6582482,-110.1878927,1.3698003,7.9338761,-10.4031538
-0.9461864,-110.1310121,1.3822482,7.5302834,-9.6752072
-1.2509358,-110.0754757,1.3997298,7.1344703,-8.8208653
-1.5369479,-110.0291733,1.4220246,6.7534225,-8.0546215
-1.8400382,-109.9884395,1.4537519,6.3856449,-7.9047296
-2.1310682,-109.9595415,1.4907307,6.0028437,-3.6238186
-2.4309190,-109.9433288,1.5498565,5.8189410,-0.6709402
-2.7287752,-109.9509294,1.6485006,5.7842504,-0.6709402
-3.0233690,-109.9866090,1.7238958,5.7493506,4.6371317
-3.3207679,-110.0366381,1.7438957,5.9864023,4.5813433
-3.6124627,-110.0912579,1.7737316,6.2117247,3.4060833
-3.9076119,-110.1609037,1.8356731,6.3740846,-1.8848022
-4.1910638,-110.2492683,1.9121451,6.2847589,-0.7826601
-4.4732031,-110.3637224,2.0021237,6.2472913,-0.7826601
-4.7365464,-110.4984561,2.0815018,6.2095977,2.3247738
-4.9960364,-110.6547628,2.1410189,6.3209032,4.4987871
-5.2431791,-110.8209624,2.1823241,6.5309111,4.4446631
-5.4864317,-110.9971944,2.2111998,6.7319620,4.3911903
-5.7265524,-111.1798824,2.2312257,6.9248641,1.4971483
-5.9593875,-111.3671376,2.2691375,6.9894160,-0.9680052
-6.1849414,-111.5681078,2.3321633,6.9477475,-0.9680052
-6.3931650,-111.7818576,2.4046922,6.9058276,0.3554086
-6.5877842,-112.0105226,2.4663780,6.9212482,2.0620967
-6.7698092,-112.2505934,2.5171487,7.0100501,4.1570775
-6.9409286,-112.4967025,2.5469118,7.1857345,4.2645432
-7.1079783,-112.7463721,2.5530032,7.3616053,4.2132373
-7.2761917,-112.9956048,2.5427247,7.5313281,4.1625487
-7.4461460,-113.2429346,2.5374179,7.6953339,4.1124700
-7.6162336,-113.4893519,2.5385181,7.8540042,4.0629937
-7.7867727,-113.7377906,2.5412305,8.0076786,4.0141126
-7.9557999,-113.9849847,2.5421345,8.1566614,3.9658197
-8.1253101,-114.2329062,2.5415040,8.3012265,3.9181077
-8.2950863,-114.4808692,2.5409996,8.4416215,3.8709698
-8.4635389,-114.7267352,2.5408857,8.5780713,3.8243989
-8.6338942,-114.9753707,2.5408773,8.7107807,3.7783884
-8.8031040,-115.2222853,2.5406998,8.8399372,3.7329314
-8.9726330,-115.4695290,2.5403845,8.9657129,3.6880212
-9.1424161,-115.7169813,2.5401053,9.0882662,3.6436514
-9.3117879,-115.9637029,2.5398883,9.2077434,3.5998154
-9.4817638,-116.2112043,2.5397264,9.3242800,3.5565068
-9.6514791,-116.4582544,2.5396167,9.4380015,3.5137192
-9.8212497,-116.7053419,2.5395684,9.5490249,3.4714463
-9.9910959,-116.9525362,2.5396054,9.6574594,3.4296821
-10.1608992,-117.1997106,2.5397290,9.7634067,3.3884203
-10.3305482,-117.4467488,2.5399403,9.8669622,3.3476549
-10.5005076,-117.6943747,2.5402394,9.9682155,3.3073799
-10.6698193,-117.9412372,2.5406221,10.0672507,3.2675895
-10.8394582,-118.1888020,2.5410878,10.1641468,3.2282778
-11.0088674,-118.4362997,2.5416320,10.2589784,3.1894391
-11.1779125,-118.6835731,2.5422463,10.3518161,3.1510676
-11.3476202,-118.9321621,2.5429308,10.4427264,3.1131577
-11.5158673,-119.1789895,2.5436709,10.5317723,3.0757040
-11.6848454,-119.4272996,2.5444701,10.6190137,3.0387008
-11.8533511,-119.6753553,2.5453181,10.7045073,3.0021428
-12.0213668,-119.9231510,2.5462005,10.7883071,2.9660247
-12.1903030,-120.1727883,2.5471201,10.8704643,2.9303410
-12.3572348,-120.4199605,2.5480718,10.9510278,2.8950867
-12.5250696,-120.6689967,2.5490838,11.0300442,2.8602565
-12.6927434,-120.9183506,2.5501293,11.1075580,2.8258454
-12.8593710,-121.1666789,2.5510379,11.1836117,2.7918482
-13.0269906,-121.4169327,2.5517853,11.2582458,2.7582600
-13.1937708,-121.6662879,2.5523371,11.3314993,2.7250760
-13.3605073,-121.9158034,2.5526195,11.4034095,2.6922912
-13.5274466,-122.1657026,2.5526350,11.4740119,-12.3634996
-13.6945470,-122.4157854,2.5524158,11.1461045,-14.1128950
-13.8612079,-122.6650352,2.5519843,10.7595919,-13.9704489
-14.0282575,-122.9145774,2.5513826,10.3627915,-13.9518094
-14.1958701,-123.1646955,2.5510731,9.9507417,-13.7225657
-14.3620613,-123.4126381,2.5511811,9.5280955,-13.4967944
-14.5301323,-123.6634870,2.5511989,9.0932611,-13.0157018
-14.6972879,-123.9126484,2.5499422,8.6532545,-13.0063704
-14.8639967,-124.1601093,2.5475063,8.1899834,-12.1113895
-15.0330133,-124.4105282,2.5494389,7.7336780,-10.7710650
-15.1982138,-124.6582047,2.5585133,7.3039599,-10.7548324
-15.3632721,-124.9112456,2.5648950,6.8480379,-7.7825421
-15.5286588,-125.1611105,2.5439836,6.4981996,-5.2862206
-15.7028749,-125.4048182,2.4941412,6.2494165,-4.9523488
-15.8918608,-125.6397112,2.4328359,6.0070056,-4.5007668
-16.0925088,-125.8585620,2.3648912,5.7778842,-3.4499580
-16.3132927,-126.0661757,2.2835848,5.5959086,-2.1746129
-16.5455632,-126.2490040,2.1890175,5.4780987,-1.5202536
-16.8018925,-126.4111143,2.0787660,5.3942109,-0.5765697
-17.0689607,-126.5400481,1.9605322,5.3620525,-0.5765697
-17.3539820,-126.6373726,1.8420383,5.3297000,1.1116198
-17.6450140,-126.7025421,1.7434441,5.3919016,2.7847841
-17.9401800,-126.7405671,1.6542910,5.5446635,2.2132274
-18.2417596,-126.7524352,1.5671107,5.6631341,2.4720737
-18.5355529,-126.7390870,1.4827832,5.7925963,1.4211973
-18.8380564,-126.6983770,1.3906770,5.8657309,0.7571281
-19.1248127,-126.6343217,1.3176906,5.9043228,4.6009152
-19.4167550,-126.5517771,1.2782111,6.1336189,-6.5081509
-19.7030553,-126.4620677,1.2508720,5.8066177,-2.1176833
-19.9845070,-126.3585165,1.1775183,5.6961685,-0.6429269
-20.2562424,-126.2273775,1.0604901,5.6622099,-0.6429269
-20.5098888,-126.0703012,0.9833900,5.6280463,4.6648080
-20.7594405,-125.8998016,0.9697322,5.8714130,4.6086867
-21.0107406,-125.7324611,0.9962806,6.1023279,4.5532405
-21.2637123,-125.5712231,1.0073278,6.3221876,4.4984614
-21.5162651,-125.4108646,1.0001470,6.5321393,4.4443414
-21.7689418,-125.2469536,0.9916683,6.7331391,4.3908724
-22.0189039,-125.0830202,0.9901680,6.9259947,4.3380467
-22.2700613,-124.9188273,0.9933507,7.1113959,4.2858566
-22.5212783,-124.7554772,0.9948138,7.2899376,4.2342943
-22.7721898,-124.5924782,0.9942916,7.4621373,4.1833524
-23.0232632,-124.4290892,0.9935432,7.6284491,4.1330233
-23.2750355,-124.2650450,0.9931735,7.7892736,4.0832998
-23.5257198,-124.1016253,0.9929883,7.9449670,4.0341745
-23.7770844,-123.9376717,0.9926646,8.0958474,3.9856401
-24.0282054,-123.7737365,0.9922074,8.2422007,3.9376897
-24.2786144,-123.6100869,0.9916699,8.3842849,3.8903162
-24.5307649,-123.4450933,0.9910648,8.5223337,3.8435126
-24.7798319,-123.2819112,0.9905780,8.6565601,3.7972721
-25.0309412,-123.1172785,0.9904374,8.7871583,3.7515879
-25.2826238,-122.9522790,0.9906111,8.9143066,3.7064533
-25.5325500,-122.7885129,0.9908578,9.0381688,3.6618617
-25.7847933,-122.6233193,0.9911155,9.1588961,3.6178066
-26.0362488,-122.4587404,0.9914341,9.2766280,-4.6132246
-26.2875138,-122.2944354,0.9919545,9.1262364,-13.3358836
-26.5388156,-122.1303315,0.9926869,8.6768381,-12.8945966
-26.7918441,-121.9651999,0.9920170,8.2189775,-12.2172551
-27.0423558,-121.8009757,0.9885539,7.7602851,-12.2180318
-27.2927610,-121.6350977,0.9831852,7.2726881,-11.8016698
-27.5440420,-121.4678144,0.9853974,6.7684378,-10.3738221
-27.7920665,-121.3053097,0.9979716,6.2919095,-8.8408976
-28.0493817,-121.1404692,0.9944171,5.8552674,-0.9091555
-28.2949423,-120.9709434,0.9269626,5.8085042,-0.6685356
-28.5218516,-120.7773623,0.8012944,5.7738759,-0.6685356
-28.7294976,-120.5594890,0.7362436,5.7390386,4.6395074
-28.9298873,-120.3410315,0.7608608,5.9766186,4.5836904
-29.1391569,-120.1265379,0.7762298,6.2024100,4.5285450
-29.3447416,-119.9107332,0.7379991,6.4176884,-4.8133370
-29.5390076,-119.6888988,0.7074852,6.1886212,-9.8338513
-29.7377576,-119.4571098,0.7162943,5.6920431,-8.0560506
-29.9345595,-119.2324090,0.7086083,5.2503565,-0.5462274
-30.1218049,-118.9961896,0.6179855,5.2190557,-0.5462274
-30.2759281,-118.7405397,0.4683751,5.1875660,-0.0741650
-30.3970600,-118.4668040,0.3770171,5.1832757,4.7612364
-30.5036211,-118.1841671,0.3546098,5.4518604,4.7039549
-30.6075374,-117.9037763,0.3549599,5.7048095,4.6473626
-30.7118924,-117.6218147,0.3537215,5.9441543,4.5914511
-30.8152766,-117.3409726,0.3520467,6.1715108,-11.2975971
-30.9187593,-117.0594371,0.3528629,5.5955084,-11.3803234
-31.0234997,-116.7761816,0.3540692,4.9479544,-6.1838431
-31.1228223,-116.4905801,0.3024949,4.5576689,-0.4116058
-31.1947635,-116.2016955,0.1714629,4.5304976,-0.4116058
-31.2196240,-115.9047439,0.0076443,4.5031624,3.4590054
-31.2087363,-115.6044297,-0.0639657,4.7279649,4.8517316
-31.1906126,-115.3041429,-0.0446979,5.0263683,4.7933614
-31.1828647,-115.0038430,-0.0079484,5.3047231,4.7356934
-31.1850860,-114.7052650,0.0215486,5.5660756,1.3186912
-31.1924151,-114.4048750,0.0154493,5.6366948,-0.6295714
-31.1871852,-114.1052679,-0.0625219,5.6030907,-0.6295714
-31.1492172,-113.8094269,-0.1916145,5.5692839,-0.1803207
-31.0786371,-113.5178212,-0.2735015,5.5595631,4.6801723
-30.9922617,-113.2291245,-0.2992687,5.8065949,4.6238661
-30.9028033,-112.9417695,-0.3039018,6.0407422,4.5682373
-30.8129958,-112.6565904,-0.3058090,6.2634826,4.5132778
-30.7226561,-112.3703916,-0.3055088,6.4760243,4.4589795
-30.6326413,-112.0844140,-0.3042212,6.6793706,4.4053344
-30.5431657,-111.7984757,-0.3025743,6.8743660,4.3523347
-30.4535450,-111.5122739,-0.3052455,7.0617299,4.2999727
-30.3623936,-111.2265324,-0.3131831,7.2420809,4.2482406
-30.2690081,-110.9418725,-0.3198288,7.4159562,4.1971309
-30.1743669,-110.6569574,-0.3206078,7.5838258,4.1466361
-30.0803649,-110.3725239,-0.3180633,7.7461041,4.0967487
-29.9865661,-110.0875754,-0.3184919,7.9031585,4.0474616
-29.8922169,-109.8028349,-0.3214476,8.0553169,3.9987674
-29.7977357,-109.5187350,-0.3195395,8.2028735,3.9506591
-29.7042361,-109.2325503,-0.3109190,8.3460934,3.9031295
-29.6133420,-108.9475439,-0.3104597,8.4852166,3.8561718
-29.5188483,-108.6624263,-0.3334810,8.6204615,1.9359463
-29.4152379,-108.3812692,-0.3713429,8.6875658,3.3842844
-29.3039397,-108.1030685,-0.3849317,8.8036442,3.6473948
-29.1924111,-107.8236177,-0.3702019,8.9270574,-7.7573897
-29.0854356,-107.5439090,-0.3662513,8.6624719,-1.4868926
-28.9743258,-107.2648392,-0.3973866,8.6108292,-1.4868926
-28.8509731,-106.9918642,-0.4492435,8.5588749,0.8244158
-28.7168848,-106.7236857,-0.4726113,8.5877201,3.8210775
-28.5805417,-106.4558354,-0.4642490,8.7201684,3.7751069
-28.4480719,-106.1872796,-0.4549317,8.8490767,3.7296893
-28.3155606,-105.9177622,-0.4616329,8.9746159,3.6848182
-28.1796541,-105.6505275,-0.4790538,9.0969437,3.6404869
-28.0398620,-105.3852221,-0.4894077,9.2162054,3.5966890
-27.8982072,-105.1203145,-0.4912994,9.3325358,-8.4948957
-27.7574483,-104.8561190,-0.4869542,9.0553760,-10.6157651
-27.6180583,-104.5901789,-0.4778009,8.6966119,-10.5906305
-27.4814600,-104.3227762,-0.4692374,8.3233024,-6.9266078
-27.3442395,-104.0558665,-0.4850335,8.0698106,-1.2903948
-27.1993167,-103.7932689,-0.5281116,8.0217012,-1.2903948
-27.0425008,-103.5378235,-0.5675265,7.9733014,4.0251296
-26.8797257,-103.2858019,-0.5739171,8.1233216,3.9767041
-26.7191771,-103.0322224,-0.5541932,8.2688645,2.0498658
-26.5615404,-102.7768865,-0.5574327,8.3428957,-1.3792073
-26.3990543,-102.5248644,-0.5933537,8.2931582,-1.3792073
-26.2252789,-102.2805310,-0.6393388,8.2431206,2.8951980
-26.0431292,-102.0421100,-0.6614086,8.3478123,3.9025541
-25.8584937,-101.8054508,-0.6607904,8.4868870,3.8556033
-25.6747444,-101.5680692,-0.6571920,8.6220858,3.8092173
-25.4917747,-101.3307118,-0.6567784,8.7536078,3.7633894
-25.3082882,-101.0931029,-0.6582681,8.8816350,3.7181128
-25.1247021,-100.8558647,-0.6587182,9.0063349,3.6733810
-24.9412933,-100.6187948,-0.6580744,9.1278618,3.6291873
-24.7576885,-100.3812178,-0.6580532,9.2463582,3.5855253
-24.5742571,-100.1441953,-0.6594227,9.3619562,3.5423886
-24.3899720,-99.9073811,-0.6648000,9.4747786,3.4997708
-24.2031535,-99.6726939,-0.6818738,9.5849396,3.0514668
-24.0111000,-99.4425793,-0.7107578,9.6799664,0.5978634
-23.8124251,-99.2175405,-0.7330017,9.6984756,3.4137614
-23.6108424,-98.9955398,-0.7387072,9.8034926,3.3726912
-23.4093759,-98.7729328,-0.7321353,9.9061528,3.3321150
-23.2093719,-98.5493181,-0.7278952,10.0065438,3.2920270
-23.0102077,-98.3255364,-0.7272081,10.1047475,3.2524213
-22.8103824,-98.1013931,-0.7294176,10.2008414,3.2132921
-22.6101419,-97.8783466,-0.7341490,10.2948985,3.1746337
-22.4083973,-97.6561911,-0.7401061,10.3869875,3.1364403
-22.2057016,-97.4350060,-0.7429252,10.4771739,3.0987064
-22.0029669,-97.2142545,-0.7423160,10.5655192,3.0614265
-21.8001416,-96.9928698,-0.7412026,10.6520822,3.0245951
-21.5978014,-96.7717441,-0.7410970,10.7369185,2.9882069
-21.3951580,-96.5504220,-0.7415998,10.8200808,2.9522564
-21.1925301,-96.3292399,-0.7415983,10.9016198,2.9167384
-20.9900739,-96.1081201,-0.7410842,10.9815831,2.8816477
-20.7874597,-95.8867027,-0.7412834,11.0600168,2.8469792
-20.5849056,-95.6657073,-0.7426902,11.1369644,2.8127278
-20.3818425,-95.4448363,-0.7435134,11.2124677,2.7788884
-20.1791224,-95.2237886,-0.7401172,11.2865666,-2.6565607
-19.9775827,-95.0016311,-0.7337225,11.2157398,-8.9513386
-19.7763127,-94.7790449,-0.7392647,10.9737229,-2.5600778
-19.5722412,-94.5594449,-0.7609632,10.9035183,-2.4525206
-19.3624551,-94.3449661,-0.7850452,10.8358367,-8.0231149
-19.1493474,-94.1338988,-0.7925966,10.6114092,-11.9060584
-18.9363021,-93.9227468,-0.7861750,10.2693299,-11.9049912
-18.7244527,-93.7103533,-0.7831386,9.9154883,-12.0150092
-18.5126236,-93.4980704,-0.7865840,9.5450865,-12.0150824
-18.3000651,-93.2866233,-0.7879090,9.1597162,-10.3063347
-18.0880761,-93.0743417,-0.7799681,8.8157395,-10.2729734
-17.8783490,-92.8596400,-0.7702624,8.4589681,-5.8653093
-17.6680274,-92.6455924,-0.7880588,8.2483533,-1.3481259
-17.4510016,-92.4388440,-0.8355715,8.1991795,-1.3481259
-17.2242400,-92.2426550,-0.8747601,8.1497089,3.9680931
-16.9925102,-92.0520315,-0.8853121,8.2944774,3.9203538
-16.7612794,-91.8610837,-0.8748082,8.4350647,1.3990777
-16.5323011,-91.6674091,-0.8625283,8.4846728,-10.3746809
-16.3056215,-91.4707564,-0.8509197,8.1095950,-7.5467189
-16.0793869,-91.2737343,-0.8629584,7.8254704,-1.2134359
-15.8477864,-91.0831126,-0.9066207,7.7788176,-1.2134359
-15.6067598,-90.9051933,-0.9583317,7.7318833,3.6263618
-15.3590547,-90.7357617,-0.9780054,7.8713152,4.0575347
-15.1106698,-90.5672618,-0.9683554,8.0244540,4.0087193
-14.8645394,-90.3959678,-0.9583321,8.1729331,3.9604913
-14.6193955,-90.2229001,-0.9548974,8.3170233,3.9128434
-14.3746219,-90.0500148,-0.9578137,8.4569693,3.8657688
-14.1285016,-89.8783625,-0.9667824,8.5929938,3.8192605
-13.8805196,-89.7096906,-0.9801012,8.7252996,3.7733118
-13.6307944,-89.5437948,-0.9874623,8.8540723,3.7279158
-13.3800112,-89.3784641,-0.9871448,8.9794825,3.6830661
-13.1304763,-89.2130911,-0.9842580,9.1016871,3.6387558
-12.8805643,-89.0468021,-0.9834424,9.2208312,3.5949787
-12.6308986,-88.8807295,-0.9843096,9.3370490,3.5517283
-12.3811791,-88.7149247,-0.9849393,9.4504652,3.5089982
-12.1306279,-88.5487037,-0.9850651,9.5611958,3.4667821
-11.8812488,-88.3832586,-0.9850394,9.6693490,3.4250740
-11.6310615,-88.2172960,-0.9851681,9.7750261,3.3838676
-11.3810413,-88.0515166,-0.9854255,9.8783216,3.3431570
-11.1311833,-87.8859384,-0.9856746,9.9793244,3.3029362
-10.8805641,-87.7199404,-0.9858948,10.0781181,3.2631992
-10.6309027,-87.5546524,-0.9861011,10.1747813,3.2239403
-10.3806245,-87.3890314,-0.9863140,10.2693881,3.1851538
-10.1302972,-87.2234556,-0.9865313,10.3620084,3.1468339
-9.8802668,-87.0581527,-0.9867380,10.4527086,3.1089749
-9.6296875,-86.8925589,-0.9869313,10.5415512,3.0715715
-9.3795808,-86.7273443,-0.9871093,10.6285957,3.0346181
-9.1292404,-86.5620362,-0.9872702,10.7138985,2.9981092
-8.8787045,-86.3966538,-0.9874139,10.7975133,2.9620396
-8.6284783,-86.2315237,-0.9875363,10.8794911,2.9264039
-8.3779780,-86.0662527,-0.9876360,10.9598805,2.8911969
-8.1275582,-85.9010666,-0.9877127,11.0387279,2.8564135
-7.8771547,-85.7359143,-0.9877642,11.1160774,2.8220486
-7.6266603,-85.5707160,-0.9877905,11.1919714,2.7880971
-7.3762131,-85.4055538,-0.9877911,11.2664503,2.7545541
-7.1257956,-85.2404066,-0.9877657,11.3395528,2.7214146
-6.8753388,-85.0752197,-0.9877142,11.4113160,2.6886738
-6.6248589,-84.9099945,-0.9876376,11.4817753,2.6563269
-6.3745936,-84.7448790,-0.9875362,11.5509648,2.6243692
-6.1240331,-84.5795277,-0.9874107,11.6189174,2.5927960
-5.8736876,-84.4142694,-0.9872635,11.6856644,2.5616026
-5.6234911,-84.2490525,-0.9870944,11.7512360,2.5307845
-5.3729320,-84.0835319,-0.9869071,11.8156615,2.5003371
-5.1228818,-83.9182774,-0.9867036,11.8789687,2.4702561
-4.8724836,-83.7527167,-0.9864844,11.9411847,2.4405369
-4.6222088,-83.5871567,-0.9862543,12.0023355,2.4111753
-4.3724623,-83.4218617,-0.9860139,12.0624461,2.3821670
-4.1218564,-83.2559101,-0.9857695,12.1215409,2.3535076
-3.8720078,-83.0903727,-0.9855284,12.1796431,2.3251931
-3.6219151,-82.9245873,-0.9852886,12.2367754,2.2972191
-3.3717339,-82.7586561,-0.9850443,12.2929596,2.2695818
-3.1224186,-82.5932106,-0.9847954,12.3482168,-13.0527552
-2.8718551,-82.4268505,-0.9845787,12.0269550,-14.6764125
-2.6221954,-82.2610258,-0.9844363,11.6551595,-14.4845977
-2.3723478,-82.0950366,-0.9843382,11.2762103,-14.2462361
-2.1222887,-81.9288493,-0.9840942,10.8906425,-14.0201804
-1.8731913,-81.7631811,-0.9836693,10.4973753,-13.9367124
-1.6228410,-81.5965535,-0.9835647,10.0912714,-13.5196723
-1.3733181,-81.4305886,-0.9842937,9.6810550,-13.5214009
-1.1233422,-81.2647017,-0.9853159,9.2526134,-12.7596278
-0.8732629,-81.0986995,-0.9837428,8.8292639,-12.2822697
-0.6243886,-80.9323867,-0.9791863,8.4016266,-11.8301167
-0.3752203,-80.7648005,-0.9801734,7.9680626,-9.5930971
-0.1253960,-80.5992359,-0.9928322,7.5983406,-9.5341001
0.1276742,-80.4372157,-1.0049430,7.2121380,-4.6194775
0.3793455,-80.2735837,-0.9762518,7.0173745,-0.9757650
0.6215483,-80.0979927,-0.9055114,6.9755393,-0.9757650
0.8521313,-79.9058418,-0.8542082,6.9334517,4.3359742
1.0768291,-79.7074878,-0.8485929,7.1185714,4.2838090
1.3041284,-79.5112848,-0.8669745,7.2968533,4.2322714
1.5333476,-79.3180700,-0.8714291,7.4688124,4.1813538
1.7619299,-79.1244443,-0.8641778,7.6349002,4.1310488
1.9898579,-78.9297002,-0.8653431,7.7955157,4.0813490
2.2195629,-78.7362922,-0.8784308,7.9510132,4.0322471
2.4509213,-78.5451642,-0.8766149,8.1017097,3.9837360
2.6785638,-78.3498308,-0.8409860,8.2478897,-1.3134098
2.8961940,-78.1439825,-0.7894171,8.1999831,2.8007883
3.1067925,-77.9304853,-0.7743497,8.3018080,-7.9758523
3.3185451,-77.7176877,-0.7949641,8.0084342,-8.9860681
3.5333051,-77.5081630,-0.7937676,7.6644606,-1.1640165
3.7434841,-77.2941283,-0.7520809,7.6187677,-1.1640165
3.9419312,-77.0697406,-0.7018273,7.5727991,4.1499876
4.1332507,-76.8385393,-0.6866188,7.7354387,4.1000599
4.3247864,-76.6076587,-0.7000399,7.8928311,4.0507330
4.5188967,-76.3790993,-0.7059253,8.0453069,4.0019994
4.7130668,-76.1501713,-0.6989140,8.1931620,3.9538522
4.9049323,-75.9204054,-0.6948001,8.3366637,3.7395281
5.0980078,-75.6903671,-0.7039051,8.4701498,-9.6561016
5.2939165,-75.4630103,-0.7144842,8.1209850,-4.7232050
5.4886600,-75.2346319,-0.6917173,7.9446069,-1.2506643
5.6738082,-74.9988262,-0.6354862,7.8972439,-1.2506643
5.8462703,-74.7539026,-0.5983506,7.8495951,4.0643822
6.0150687,-74.5054590,-0.6019799,8.0034062,4.0154844
6.1878162,-74.2603631,-0.6209771,8.1525176,3.9671749
6.3610750,-74.0153765,-0.6038722,8.2972039,2.3894228
6.5254343,-73.7646075,-0.5534266,8.3831433,-0.9040782
6.6780966,-73.5067483,-0.5212634,8.3507307,3.9015768
6.8271473,-73.2458762,-0.5224544,8.4897231,3.8546377
6.9785665,-72.9871643,-0.5315240,8.6248439,3.8082634
7.1282351,-72.7272048,-0.5076955,8.7562918,-0.6770297
7.2673805,-72.4616478,-0.4558829,8.7330677,-1.5294078
7.3945086,-72.1901785,-0.4256652,8.6803758,3.7889922
7.5182764,-71.9163264,-0.4288240,8.8103392,3.7434076
7.6453492,-71.6447600,-0.4430204,8.9368831,3.6983714
7.7733090,-71.3735211,-0.4347970,9.0601691,3.6538771
7.8960441,-71.0998978,-0.4069496,9.1803461,2.7917308
8.0117920,-70.8233658,-0.3886895,9.2711172,3.5763313
8.1250426,-70.5451237,-0.3871815,9.3861165,3.5333052
8.2393548,-70.2678678,-0.3943361,9.4983650,3.4907967
8.3550667,-69.9911334,-0.3969564,9.6079754,3.4487996
8.4708737,-69.7144082,-0.3952573,9.7150527,3.4073078
8.5861287,-69.4376435,-0.3943136,9.8196952,3.3663152
8.7015884,-69.1605399,-0.3956463,9.9219951,3.3258158
8.8174028,-68.8840557,-0.3970852,10.0220388,3.2858036
8.9331175,-68.6073090,-0.3942495,10.1199077,3.2462727
9.0475080,-68.3298397,-0.3873334,10.2156785,3.2072175
9.1599321,-68.0519764,-0.3823013,10.3094234,3.1686321
9.2717056,-67.7733685,-0.3814508,10.4012108,3.1305110
9.3836108,-67.4951580,-0.3833620,10.4911053,3.0928484
9.4959346,-67.2170458,-0.3840950,10.5791683,3.0556390
9.6083495,-66.9387314,-0.3834415,10.6654577,3.0188772
9.7203534,-66.6607364,-0.3826663,10.7500288,2.9825578
9.8323756,-66.3823176,-0.3824979,10.8329342,2.9466752
9.9443854,-66.1040166,-0.3828018,10.9142236,2.9112244
10.0564533,-65.8257896,-0.3829913,10.9939449,2.8762000
10.1686212,-65.5473928,-0.3829974,11.0721434,2.8415971
