11.1753170,-66.0228056,-0.3774478,10.2672937
11.3559003,-65.5579603,-0.3634632,10.2139135
11.5301224,-65.0894865,-0.3484567,10.1605334
11.6973089,-64.6176302,-0.3323991,10.1071532
11.8566499,-64.1431745,-0.3155393,10.0548843
12.0077713,-63.6663751,-0.2982461,10.0027973
12.1502276,-63.1879363,-0.2804403,9.9507104
12.2846554,-62.7045706,-0.2620196,9.8998127
12.4099177,-62.2195163,-0.2433785,9.8493893
12.5253507,-61.7352083,-0.2245175,9.7989659
12.6322662,-61.2452616,-0.2051479,9.7498264
12.7297000,-60.7529915,-0.1856340,9.7015165
12.8166715,-60.2636777,-0.1661422,9.6532067
12.8946010,-59.7689387,-0.1463082,9.6061561
12.9628382,-59.2716537,-0.1264338,9.5600382
13.0205936,-58.7786803,-0.1068264,9.5139204
13.0689301,-58.2813757,-0.0867316,9.4691329
13.1068783,-57.7826829,-0.0648716,9.4251053
13.1333904,-57.2858766,-0.0415153,9.3810778
13.1480244,-56.7889076,-0.0174359,9.3408301
13.1508584,-56.2901823,0.0058960,9.3016560
13.1422457,-55.7879706,0.0281691,9.2624819
13.1230922,-55.2932963,0.0491781,9.2343500
13.0933133,-54.7946844,0.0700795,9.2071361
13.0526890,-54.2912928,0.0909275,9.1799223
13.0027400,-53.7985378,0.1110591,9.1683282
12.9423622,-53.3023658,0.1310847,9.1569023
12.8714831,-52.8033590,0.1510843,9.1454764
12.7918242,-52.3123056,0.1704479,9.1489692
12.7023706,-51.8205266,0.1893295,9.1530066
12.6033557,-51.3285810,0.2078447,9.1570441
12.4957308,-50.8400635,0.2256713,9.1748741
12.3796884,-50.3535819,0.2424878,9.1946502
12.2558615,-49.8696696,0.2583978,9.2144263
12.1239879,-49.3857265,0.2735210,9.2470007
11.9853357,-48.9047561,0.2876530,9.2834279
11.8408814,-48.4281564,0.3007785,9.3198551
11.6895057,-47.9507242,0.3132365,9.3682186
11.5323637,-47.4755256,0.3254630,9.4219472
11.3703323,-47.0047054,0.3373978,9.4756758
11.2020148,-46.5337491,0.3489674,9.5400025
11.0283910,-46.0644816,0.3596079,9.6097237
10.8507017,-45.5987662,0.3692080,9.6794450
10.6681842,-45.1331694,0.3778208,9.7572403
10.4818833,-44.6690398,0.3854324,9.8389091
10.2928153,-44.2075090,0.3919970,9.9205779
10.1005029,-43.7460335,0.3975212,10.0076015
9.9059065,-43.2855565,0.4019648,10.0967193
9.7098156,-42.8265354,0.4053060,10.1858372
9.5121853,-42.3675002,0.4076644,10.2762896
9.3136533,-41.9088885,0.4092982,10.3671161
9.1145985,-41.4506714,0.4102123,10.4579426
8.9153365,-40.9927277,0.4105635,10.5451251
8.7158887,-40.5346125,0.4106250,10.6316759
8.5162832,-40.0760340,0.4104024,10.7182267
8.3173799,-39.6185004,0.4096012,10.7940143
8.1187701,-39.1600270,0.4078251,10.8688899
7.9207542,-38.7000755,0.4050800,10.9437655
7.7251805,-38.2418327,0.4016070,11.0072415
7.5307543,-37.7815263,0.3976154,11.0704747
7.3376385,-37.3188498,0.3931156,11.1335955
7.1481351,-36.8587646,0.3882579,11.1882324
6.9601394,-36.3957544,0.3830798,11.2428694
6.7737811,-35.9296601,0.3775931,11.2973784
6.5919011,-35.4672363,0.3718000,11.3416593
6.4118268,-35.0011759,0.3655424,11.3859401
6.2337173,-34.5311594,0.3588377,11.4302210
6.0609368,-34.0655452,0.3517214,11.4580981
5.8906588,-33.5959948,0.3439622,11.4853826
5.7231156,-33.1220752,0.3355686,11.5126671
5.5611990,-32.6511775,0.3267108,11.5204532
5.4031344,-32.1774602,0.3173049,11.5250516
5.2489783,-31.7000867,0.3073112,11.5296499
5.1002954,-31.2230259,0.2968971,11.4882073
4.9567027,-30.7446698,0.2863188,11.4267218
4.8179414,-30.2638256,0.2755403,11.3652363
4.6844461,-29.7815991,0.2645620,11.2342388
4.5564169,-29.2983758,0.2533988,11.0336452
4.4338580,-28.8138033,0.2420145,10.8330516
4.3168358,-28.3276519,0.2304021,10.6261392
4.2052538,-27.8394580,0.2190830,10.4039681
4.0993209,-27.3511728,0.2082717,10.1817970
3.9987417,-26.8626997,0.1979413,9.9572330
3.9023793,-26.3700180,0.1886049,9.7110996
3.8106465,-25.8786807,0.1807939,9.4649662
3.7228202,-25.3891736,0.1745147,9.2188328
3.6367980,-24.8937873,0.1695528,8.9606037
3.5533634,-24.4006195,0.1658422,8.7016473
3.4719881,-23.9104655,0.1634082,8.4426910
3.3906264,-23.4146898,0.1620375,8.1732202
3.3100818,-22.9207991,0.1614028,7.9017760
3.2302621,-22.4305476,0.1615188,7.6303317
3.1493638,-21.9353374,0.1625249,7.3460308
3.0679373,-21.4417443,0.1646559,7.0586528
2.9857219,-20.9516214,0.1679349,6.7712748
2.9010448,-20.4579249,0.1716402,6.4632502
2.8149841,-19.9655839,0.1742755,6.1512168
2.7282132,-19.4751668,0.1757754,5.8391835
2.6410247,-18.9817124,0.1723178,5.5067307
2.5582576,-18.4886789,0.1585908,5.1724184
2.4850975,-17.9958891,0.1344031,4.8372960
2.4267874,-17.4945807,0.0935696,4.4680419
2.3948092,-16.9961112,0.0306146,4.0987878
2.4002057,-16.4998268,-0.0567599,3.7514009
2.4577531,-15.9994141,-0.1786724,3.5010140
2.5830260,-15.5193657,-0.3386064,3.2506272
2.7884994,-15.0745910,-0.5304133,3.1221437
3.0781115,-14.6779239,-0.7315798,3.1453834
3.4531180,-14.3391576,-0.9404546,3.1686231
3.8930459,-14.0805498,-1.1251679,3.3971876
4.3679758,-13.8859590,-1.2265515,3.7410402
4.8370616,-13.7294099,-1.2602561,4.0848929
5.3276201,-13.5644276,-1.2211013,3.9314937
5.7768475,-13.3771124,-1.1198038,3.5416064
6.1897951,-13.1413643,-0.9796391,3.1799301
6.5712199,-12.8268531,-0.7685297,2.8672196
6.8677702,-12.4139646,-0.4649546,2.5716341
7.0251214,-11.9502155,-0.2060923,2.7705472
7.0774815,-11.4454662,-0.0065812,2.9694603
7.0358115,-10.9549626,0.1767189,3.1792224
6.9135485,-10.4892230,0.3267180,3.4020139
6.7238424,-10.0083733,0.4118730,3.6248054
6.5266315,-9.5781065,0.4462760,3.8360742
6.3063598,-9.1363422,0.4786143,4.0451870
6.0578688,-8.6767234,0.5128398,4.2542997
5.7964050,-8.2306681,0.5465936,4.4617964
5.5295252,-7.8039086,0.5693482,4.6678249
5.2551702,-7.3819623,0.5821174,4.8738534
4.9821170,-6.9692672,0.5853016,5.0798819
4.6951907,-6.5349188,0.5821060,5.2874302
4.4184876,-6.1128068,0.5782612,5.4951579
4.1545528,-5.7065061,0.5737942,5.7028856
3.8850915,-5.2872741,0.5690116,5.9104145
3.6147387,-4.8634910,0.5673610,6.1178064
3.3505847,-4.4497853,0.5698632,6.3251984
3.0827963,-4.0345245,0.5759009,6.5223464
2.8099800,-3.6173978,0.5825591,6.7140119
2.5327482,-3.1997348,0.5894487,6.9056774
2.2551687,-2.7876016,0.5957245,7.0806172
1.9740754,-2.3750400,0.6001444,7.2508237
1.6892441,-1.9601349,0.6027714,7.4210302
1.4065414,-1.5499935,0.6041672,7.5763314
1.1226496,-1.1392486,0.6053405,7.7287147
0.8367327,-0.7265240,0.6063199,7.8810980
0.5526210,-0.3171812,0.6071290,8.0213386
0.2675409,0.0928929,0.6078377,8.1591723
-0.0190409,0.5045462,0.6084518,8.2970060
-0.3044046,0.9139539,0.6089771,8.4255874
-0.5902018,1.3235542,0.6094363,8.5516427
-0.8769805,1.7341868,0.6098325,8.6776981
-1.1631915,2.1436883,0.6101665,8.7969760
-1.4494936,2.5530537,0.6104442,8.9133798
-1.7363355,2.9629724,0.6106674,9.0297835
-2.0230822,3.3725836,0.6108393,9.1414132
-2.3097499,3.7819493,0.6109729,9.2498231
-2.5965314,4.1913769,0.6110700,9.3582329
-2.8834679,4.6009564,0.6111345,9.4633863
-3.1704410,5.0105372,0.6111900,9.5650591
-3.4571375,5.4196769,0.6112407,9.6667319
-3.7440102,5.8290259,0.6112886,9.7662737
-4.0313278,6.2389614,0.6113543,9.8622407
-4.3180081,6.6479205,0.6114433,9.9582077
-4.6047064,7.0568173,0.6115565,10.0528458
-4.8924995,7.4671654,0.6116961,10.1440720
-5.1792941,7.8759568,0.6118623,10.2352981
-5.4658237,8.2842139,0.6120577,10.3256773
-5.7541978,8.6949033,0.6123188,10.4129912
-6.0412383,9.1034316,0.6126607,10.5003051
-6.3278771,9.5110559,0.6130820,10.5869968
-6.6171074,9.9220125,0.6134329,10.6711115
-6.9044937,10.3301120,0.6136280,10.7552262
-7.1912251,10.7371815,0.6136586,10.8384679
-7.4805812,11.1480766,0.6133661,10.9187233
-7.7674771,11.5559033,0.6126743,10.9989787
-8.0535375,11.9633217,0.6115439,10.9650400
-8.3406228,12.3735008,0.6096290,10.6928673
-8.6256623,12.7828036,0.6068403,10.4206946
-8.9089908,13.1924512,0.6032270,10.1474657
-9.1910378,13.6036817,0.5990346,9.8730592
-9.4723513,14.0177805,0.5943380,9.5986527
-9.7497208,14.4303848,0.5893730,9.3272116
-10.0252716,14.8446277,0.5846388,9.0575870
-10.3021082,15.2649862,0.5801742,8.7879625
-10.5727690,15.6797941,0.5761594,8.5243868
-10.8426547,16.0968513,0.5726157,8.2633352
-11.1158738,16.5221592,0.5694967,8.0022835
-11.3818670,16.9388073,0.5670109,7.7492748
-11.6467972,17.3556668,0.5654194,7.5003478
-11.9175407,17.7827799,0.5646529,7.2514208
-12.1867682,18.2078984,0.5643077,7.0091599
-12.4501890,18.6251276,0.5615154,6.7759486
-12.7165472,19.0510395,0.5557624,6.5427374
-12.9831950,19.4843317,0.5470978,6.3095261
-13.2420160,19.9146245,0.5353058,6.0773816
-13.4947885,20.3482602,0.5195197,5.8453102
-13.7384010,20.7839387,0.4993802,5.6132387
-13.9740502,21.2288624,0.4738446,5.3781154
-14.2003035,21.6873398,0.4418994,5.1377982
-14.4050469,22.1416942,0.4034877,4.8974811
-14.5846675,22.5897860,0.3573141,4.6571640
-14.7575182,23.0979769,0.2973116,4.3597680
-14.8891140,23.5818076,0.2314386,4.0620983
-14.9790038,24.0420785,0.1498109,3.7648381
-15.0369280,24.5758345,0.0807909,3.4716227
-15.0810586,25.0293491,0.1419329,3.1784073
-15.1540659,25.4808479,0.1089691,2.8616781
-15.1302348,26.0143872,-0.1926188,2.5291935
-14.9843884,26.4884699,-0.4032969,2.0225201
-14.7180410,26.9315055,-0.7107928,1.5158467
-14.3365638,27.1998396,-1.2486657,1.3173415
-13.8747186,27.2441516,-1.6462186,1.9291613
-13.3619365,27.1539522,-1.8118513,2.5409812
-12.8483805,27.0166752,-1.8358556,3.0535552
-12.3647728,26.8833226,-1.8488419,3.3325436
-11.8930080,26.7390256,-1.8911250,3.6115320
-11.4287941,26.5685967,-1.9563496,3.8863333
-10.9809693,26.3718243,-2.0096937,4.1476570
-10.5295324,26.1492372,-2.0452001,4.4089807
-10.0771401,25.9104371,-2.0653036,4.6703044
-9.6369528,25.6699518,-2.0756392,4.8946622
-9.1993978,25.4261637,-2.0819386,5.1181791
-8.7649552,25.1816520,-2.0842508,5.3416959
-8.3270915,24.9349211,-2.0835233,5.5499596
-7.8894380,24.6886283,-2.0833988,5.7495114
-7.4562695,24.4446549,-2.0842473,5.9490633
-7.0226753,24.1996649,-2.0861334,6.1417182
-6.5857158,23.9513429,-2.0892282,6.3231921
-6.1533956,23.7035332,-2.0935501,6.5046660
-5.7233546,23.4541920,-2.0991086,6.6827173
-5.2902215,23.1996602,-2.1050492,6.8488955
-4.8613713,22.9442471,-2.1108464,7.0150737
-4.4355733,22.6873350,-2.1165085,7.1794259
-4.0069063,22.4253824,-2.1221335,7.3321366
-3.5822591,22.1626288,-2.1276394,7.4848474
-3.1607545,21.8986330,-2.1330314,7.6362655
-2.7367834,21.6298697,-2.1385743,7.7766832
-2.3165138,21.3601159,-2.1443181,7.9171009
-1.8991829,21.0887901,-2.1502657,8.0560732
-1.4809748,20.8132684,-2.1564516,8.1848882
-1.0656908,20.5359272,-2.1627891,8.3137032
-0.6526546,20.2562451,-2.1692470,8.4405355
-0.2407410,19.9734922,-2.1753814,8.5582266
0.1695869,19.6882834,-2.1809404,8.6759177
0.5784275,19.4009024,-2.1859341,8.7911651
0.9854315,19.1118163,-2.1908672,8.8986452
1.3915524,18.8202813,-2.1959666,9.0061252
1.7962022,18.5266160,-2.2012192,9.1108763
2.1985438,18.2313502,-2.2065854,9.2090035
2.6000694,17.9333174,-2.2120716,9.3071306
2.9999448,17.6330600,-2.2176646,9.4023586
3.3972779,17.3311850,-2.2233795,9.4916766
3.7937637,17.0263154,-2.2292494,9.5809945
4.1884114,16.7191119,-2.2352582,9.6674162
4.5803385,16.4101880,-2.2413866,9.7483876
4.9712106,16.0981470,-2.2476594,9.8293589
5.3600966,15.7836356,-2.2540576,9.9078640
5.7461584,15.4672824,-2.2605035,9.9816777
6.1309170,15.1478113,-2.2670061,10.0554914
6.5136356,14.8257921,-2.2735457,10.1281156
6.8935462,14.5018997,-2.2799655,10.1982480
7.2719809,14.1750937,-2.2862453,10.2683805
7.6484874,13.8458506,-2.2923785,10.3380335
8.0224195,13.5148579,-2.2982964,10.4064879
8.3948264,13.1813368,-2.3039977,10.4749423
8.7654942,12.8456187,-2.3094826,10.5430657
9.1339568,12.5082766,-2.3147421,10.6101203
9.5008823,12.1688505,-2.3197871,10.6771748
9.8662187,11.8275308,-2.3246202,10.7439809
10.2298023,11.4846152,-2.3292427,10.8096539
10.5918349,11.1400574,-2.3336601,10.8753269
10.9523626,10.7939541,-2.3378745,10.9408395
11.3116892,10.4461700,-2.3418169,11.0051881
11.6694836,10.0972388,-2.3454380,11.0695367
12.0258370,9.7472980,-2.3487410,11.1338049
12.3816571,9.3956368,-2.3518826,11.1969312
12.7360014,9.0432461,-2.3549693,11.2600575
13.0889094,8.6901298,-2.3580010,11.3231615
13.4414756,8.3352354,-2.3609487,11.3851239
13.7926634,7.9796841,-2.3637672,11.4470864
14.1425422,7.6235018,-2.3664555,11.5090488
14.4920923,7.2657849,-2.3689965,11.5699302
14.8404977,6.9074867,-2.3713579,11.6307921
15.1878272,6.5486681,-2.3735387,11.6916540
15.5348501,6.1886611,-2.3755458,11.7515491
15.8809989,5.8281783,-2.3773787,11.8113969
16.2263269,5.4672914,-2.3790367,11.8712447
16.5713785,5.1055640,-2.3804911,11.9301514
16.9158462,4.7434843,-2.3817004,11.9889882
17.2598169,4.3811396,-2.3826636,12.0478250
17.6035762,4.0183596,-2.3835986,12.1054801
17.9469251,3.6552341,-2.3848083,12.1630220
18.2897778,3.2916531,-2.3862943,12.2205639
18.6321546,2.9274239,-2.3879159,12.2766743
18.9739115,2.5626966,-2.3894655,12.3326186
19.3149729,2.1976059,-2.3909421,12.3885629
19.6560145,1.8315920,-2.3918277,12.4375122
19.9967302,1.4657921,-2.3913022,12.4855108
20.3374268,1.1009196,-2.3893499,12.5335094
20.6799993,0.7360065,-2.3859192,12.5551218
21.0236719,0.3729839,-2.3809618,12.5728478
21.3687365,0.0126447,-2.3744685,12.5905737
21.7174177,-0.3462192,-2.3664752,12.5119977
22.0687996,-0.7016478,-2.3571390,12.4200162
22.4231890,-1.0530175,-2.3464683,12.3280347
22.7821292,-1.4009948,-2.3348508,12.1476000
23.1449859,-1.7445758,-2.3229312,11.9574101
23.5118393,-2.0836436,-2.3107310,11.7672202
23.8819833,-2.4171642,-2.2972053,11.5619713
24.2578226,-2.7458126,-2.2809799,11.3556423
24.6411465,-3.0693278,-2.2621866,11.1493134
25.0254447,-3.3815448,-2.2448476,10.8869387
25.4174402,-3.6905411,-2.2327134,10.6219870
25.8166048,-3.9990420,-2.2256851,10.3570354
26.2103504,-4.3007015,-2.2245165,10.1772182
26.6062267,-4.6053589,-2.2299869,10.0051934
27.0023437,-4.9157462,-2.2419605,9.8331687
27.3921937,-5.2305662,-2.2585248,9.6859038
27.7762360,-5.5517118,-2.2761278,9.5456076
28.1535532,-5.8790566,-2.2948898,9.4053114
28.5276822,-6.2166702,-2.3151320,9.3005516
28.8944735,-6.5616500,-2.3361351,9.2188389
29.2485181,-6.9091842,-2.3579138,9.1371261
29.5995062,-7.2696774,-2.3813131,9.0580873
29.9441937,-7.6408266,-2.4049724,8.9816199
30.2704145,-8.0089743,-2.4280799,8.9051525
30.5932655,-8.3911689,-2.4527895,8.8361544
30.9060587,-8.7821191,-2.4814515,8.7719538
31.2014182,-9.1749425,-2.5127185,8.7077532
31.4850550,-9.5783465,-2.5445402,8.6544425
31.7592772,-9.9950250,-2.5739190,8.6018495
32.0232345,-10.4211157,-2.5993994,8.5516560
32.2715116,-10.8446716,-2.6234851,8.5073474
32.5161299,-11.2866639,-2.6488396,8.4630387
32.7486844,-11.7335080,-2.6745503,8.4435780
32.9665044,-12.1787457,-2.6983823,8.4558852
33.1771772,-12.6360245,-2.7211552,8.4681924
33.3777063,-13.0980279,-2.7427075,8.5040479
33.5671579,-13.5595855,-2.7609069,8.5753756
33.7496588,-14.0260023,-2.7758017,8.6467033
33.9262500,-14.4956564,-2.7875217,8.7288399
34.0984763,-14.9674979,-2.7948911,8.8397153
34.2674320,-15.4375586,-2.7973687,8.9505906
34.4357377,-15.9058089,-2.7948874,9.0596580
34.6081346,-16.3788245,-2.7888461,9.1595736
34.7824073,-16.8462570,-2.7801475,9.2594892
34.9604457,-17.3095066,-2.7687504,9.3519870
35.1460161,-17.7751036,-2.7557969,9.3976031
35.3369372,-18.2363101,-2.7423384,9.4432193
35.5338626,-18.6941912,-2.7284537,9.4866386
35.7376293,-19.1502524,-2.7143433,9.5188615
35.9479270,-19.6035927,-2.7001503,9.5510844
36.1646788,-20.0539558,-2.6859179,9.5861103
36.3873384,-20.5004494,-2.6722021,9.6323690
36.6163821,-20.9447898,-2.6592193,9.6786277
36.8511737,-21.3865236,-2.6470022,9.7275602
37.0903922,-21.8240327,-2.6355813,9.7857724
37.3351414,-22.2601218,-2.6248679,9.8439845
37.5846406,-22.6940862,-2.6148758,9.9041660
37.8373412,-23.1240120,-2.6056670,9.9711521
38.0945440,-23.5528656,-2.5971772,10.0381382
38.3555261,-23.9801086,-2.5894087,10.1064088
38.6187445,-24.4039464,-2.5824158,10.1798361
38.8853335,-24.8269341,-2.5761585,10.2532634
39.1547121,-25.2488171,-2.5706306,10.3273038
39.4255873,-25.6682621,-2.5658515,10.4047611
39.6986280,-26.0869919,-2.5617982,10.4822183
39.9733977,-26.5049911,-2.5584642,10.5598118
40.2491965,-26.9218404,-2.5558211,10.6387757
40.5259579,-27.3380518,-2.5538425,10.7177397
40.8033065,-27.7536596,-2.5525263,10.7966714
41.0815183,-28.1696312,-2.5517380,10.8743323
41.3596362,-28.5849387,-2.5513614,10.9519931
41.6373847,-28.9995417,-2.5513977,11.0296539
41.9161462,-29.4158158,-2.5516400,11.1035848
42.1942076,-29.8312465,-2.5518475,11.1773863
42.4714142,-30.2455706,-2.5520199,11.2511878
42.7499934,-30.6621455,-2.5523723,11.3218199
43.0276251,-31.0778283,-2.5531889,11.3922016
43.3039571,-31.4925082,-2.5544753,11.4625833
43.5808917,-31.9094478,-2.5561585,11.5277598
43.8566138,-32.3262021,-2.5581061,11.5924505
44.1310443,-32.7428828,-2.5603130,11.6571411
44.4049689,-33.1609238,-2.5627948,11.7138879
44.6777496,-33.5796115,-2.5655606,11.7700062
44.9493091,-33.9990855,-2.5686073,11.8261244
45.2194076,-34.4192700,-2.5720678,11.8719606
45.4880462,-34.8406511,-2.5761117,11.9172203
45.7550176,-35.2634495,-2.5807371,11.9624800
46.0195583,-35.6869817,-2.5859020,11.9957640
46.2819943,-36.1122592,-2.5915806,12.0286126
46.5421388,-36.5394756,-2.5977705,12.0614611
46.7990751,-36.9675766,-2.6043715,12.0837752
47.0533431,-37.3978072,-2.6113127,12.1058356
47.3047945,-37.8302640,-2.6185939,12.1278961
47.5525725,-38.2637388,-2.6260240,12.1480175
47.7973501,-38.6994402,-2.6334410,12.1680983
48.0391247,-39.1373649,-2.6408460,12.1881791
48.2772360,-39.5762656,-2.6481519,12.2106300
48.5123661,-40.0172473,-2.6553048,12.2331451
48.7445747,-40.4602737,-2.6623064,12.2556601
48.9733498,-40.9041901,-2.6691379,12.2804810
49.1992799,-41.3499530,-2.6758126,12.3053996
49.4224327,-41.7975344,-2.6823329,12.3303183
49.6424202,-42.2459734,-2.6886871,12.3570565
49.8596998,-42.6960151,-2.6948879,12.3839165
50.0743440,-43.1476428,-2.7009378,12.4107765
50.2860995,-43.6001421,-2.7068309,12.4391345
50.4952830,-44.0540070,-2.7125778,12.4676427
50.7019663,-44.5092251,-2.7181807,12.4961509
50.9060335,-44.9653563,-2.7236128,12.5258981
51.1076914,-45.4226251,-2.7288411,12.5558209
51.3070342,-45.8809951,-2.7338671,12.5857438
51.5040798,-46.3402631,-2.7387153,12.6166790
51.6989292,-46.8004725,-2.7434309,12.6478071
51.8916456,-47.2616047,-2.7480153,12.6789352
52.0822617,-47.7235720,-2.7524808,12.7108753
52.2708374,-48.1863833,-2.7568527,12.7430144
52.4574184,-48.6500284,-2.7611319,12.7751535
52.6420248,-49.1144279,-2.7653040,12.8079321
52.8247276,-49.5795897,-2.7693374,12.8409060
53.0055945,-50.0454958,-2.7732311,12.8738799
53.1846680,-50.5120631,-2.7769867,12.9073491
53.3620199,-50.9792903,-2.7806098,12.9410030
53.5377167,-51.4471664,-2.7841007,12.9746569
53.7118020,-51.9156197,-2.7874590,13.0086854
53.8843447,-52.3846445,-2.7906841,13.0428820
54.0554122,-52.8542311,-2.7937761,13.0770786
54.2250522,-53.3243167,-2.7967349,13.1115504
54.3933312,-53.7948889,-2.7995609,13.1461692
54.5603163,-54.2659390,-2.8022543,13.1807880
54.7260596,-54.7374154,-2.8048147,13.2156011
54.8906258,-55.2093005,-2.8072410,13.2505368
55.0540818,-55.6815833,-2.8095334,13.2854725
55.2164847,-56.1542234,-2.8116913,13.3205357
55.3778984,-56.6271984,-2.8137128,13.3556935
55.5383896,-57.1004931,-2.8155979,13.3908513
55.6980206,-57.5740781,-2.8173465,13.4260629
55.8568549,-58.0479286,-2.8189584,13.4613214
56.0149574,-58.5220231,-2.8204336,13.4965799
56.1723936,-58.9963429,-2.8217746,13.5317497
56.3292226,-59.4708649,-2.8229964,13.5668290
56.4854969,-59.9455617,-2.8241016,13.6019084
56.6412758,-60.4204277,-2.8250950,13.6366736
56.7966045,-60.8954482,-2.8260105,13.6710642
56.9515102,-61.3705900,-2.8268548,13.7054549
57.1060336,-61.8458640,-2.8276301,13.7394584
57.2602060,-62.3212673,-2.8283533,13.7729211
57.4140384,-62.7967547,-2.8290283,13.8063838
57.5675632,-63.2723483,-2.8296554,13.8394919
57.7208083,-63.7480586,-2.8302373,13.8720177
57.8737768,-64.2238221,-2.8307744,13.9045435
58.0265014,-64.6996676,-2.8312672,13.9367536
58.1790131,-65.1756214,-2.8317187,13.9683523
58.3313063,-65.6515999,-2.8321298,13.9999509
58.4834129,-66.1276361,-2.8325008,14.0312569
58.6353671,-66.6037765,-2.8328388,14.0618899
58.7871519,-67.0799163,-2.8331459,14.0925230
58.9387952,-67.5560919,-2.8334223,14.1228980
59.0903343,-68.0323729,-2.8336715,14.1525636
59.2417427,-68.5086324,-2.8338946,14.1822291
59.3930457,-68.9849069,-2.8340917,14.2116800
59.5442869,-69.4612906,-2.8342629,14.2404174
59.6954324,-69.9376340,-2.8344080,14.2691547
59.8465067,-70.4139716,-2.8345271,14.2977165
59.9975610,-70.8904217,-2.8346208,14.3255633
60.1485546,-71.3668144,-2.8346890,14.3534100
60.2995106,-71.8431803,-2.8347320,14.3811093
60.4504859,-72.3196609,-2.8347554,14.4080583
60.6014308,-72.7960706,-2.8347621,14.4350072
60.7523626,-73.2724363,-2.8347524,14.4618284
60.9033397,-73.7489203,-2.8347345,14.4878146
61.0543024,-74.2253267,-2.8347136,14.5138009
61.2052592,-74.7016775,-2.8346898,14.5396911
61.3562673,-75.1781497,-2.8346655,14.5647412
61.5072639,-75.6545468,-2.8346427,14.5897913
61.6582544,-76.1308879,-2.8346212,14.6147752
61.8092972,-76.6073523,-2.8345884,14.6389307
61.9603385,-77.0837403,-2.8345345,14.6630863
62.1113897,-77.5600530,-2.8344593,14.6871554
62.2625372,-78.0364554,-2.8342375,14.7094577
62.4138340,-78.5127539,-2.8337644,14.7317599
62.5654079,-78.9889369,-2.8330402,14.7515944
62.7173785,-79.4649813,-2.8320920,14.6532642
62.8698591,-79.9409016,-2.8309449,14.5549339
63.0229548,-80.4166999,-2.8295993,14.4566037
63.1766906,-80.8921170,-2.8280298,14.1794447
63.3312643,-81.3673718,-2.8262090,13.9012484
63.4867951,-81.8424241,-2.8241371,13.6230521
63.6432905,-82.3169337,-2.8218913,13.3505881
63.8009044,-82.7911809,-2.8195568,13.0783235
63.9596853,-83.2651691,-2.8171339,12.8060589
64.1195419,-83.7385174,-2.8146809,12.5372831
64.2805911,-84.2115968,-2.8122679,12.2687438
64.4428294,-84.6844572,-2.8098953,12.0002044
64.6060607,-85.1566080,-2.8075998,11.7343846
64.7703984,-85.6285434,-2.8054283,11.4688533
64.9358091,-86.1003526,-2.8033808,11.2033221
65.1020269,-86.5714502,-2.8014185,10.9398351
65.2692183,-87.0423718,-2.7994712,10.6766591
65.4374120,-87.5132165,-2.7975377,10.4134830
65.6063604,-87.9833181,-2.7956269,10.1509758
65.7762498,-88.4532383,-2.7937484,9.8886081
65.9471279,-88.9231542,-2.7919023,9.6262405
66.1186809,-89.3922853,-2.7901739,9.3624196
66.2910260,-89.8612792,-2.7887416,9.0981920
66.4641125,-90.3304321,-2.7876100,8.8339644
66.6374320,-90.7989017,-2.7870657,8.5688188
66.8107339,-91.2674772,-2.7878549,8.3033311
66.9835205,-91.7367845,-2.7900124,8.0378434
67.1547974,-92.2062647,-2.7940571,7.7842305
67.3233415,-92.6767041,-2.8017048,7.5365332
67.4874748,-93.1489388,-2.8130921,7.2888358
67.6450940,-93.6224936,-2.8279516,7.0614685
67.7950190,-94.0984064,-2.8452422,6.8477589
67.9365273,-94.5782811,-2.8647800,6.6340492
68.0680231,-95.0606584,-2.8867082,6.4321628
68.1877985,-95.5456707,-2.9130653,6.2412355
68.2937029,-96.0346888,-2.9444232,6.0503082
68.3832290,-96.5286553,-2.9809345,5.8644414
68.4537874,-97.0265993,-3.0213776,5.6858543
68.5027721,-97.5229118,-3.0658708,5.5072672
68.5283570,-98.0225522,-3.1158269,5.3384104
68.5278631,-98.5300693,3.1133961,5.1893709
68.5001155,-99.0252481,3.0571212,5.0403314
68.4430143,-99.5203938,2.9956308,4.8893986
68.3528990,-100.0192461,2.9296264,4.7355611
68.2338139,-100.4953153,2.8628487,4.5817235
68.0805451,-100.9668378,2.7901068,4.5899523
67.8908545,-101.4258850,2.7083912,4.6699983
67.6641660,-101.8666705,2.6253288,4.7712028
67.4142840,-102.2734061,2.5595635,4.9957037
67.1260819,-102.6880430,2.5124329,5.2202046
66.8192696,-103.0963254,2.4855939,5.3169782
66.5204525,-103.4828330,2.4853382,5.2015888
66.2148546,-103.8875789,2.5080026,5.0861994
65.9167426,-104.3114876,2.5529587,4.9712820
65.6344665,-104.7603432,2.6077294,4.8602678
65.3888392,-105.2042995,2.6668550,4.7492536
65.1918454,-105.6223416,2.7407904,4.6382395
65.0133328,-106.1312569,2.8762658,4.6043383
64.9229590,-106.5938669,3.0209318,4.5756468
64.8961182,-107.0501038,-3.1404250,4.6280563
64.9247438,-107.5443924,-3.0344449,4.7186867
64.9958659,-108.0431517,-2.9722910,4.8337212
65.0858966,-108.5190592,-2.9396596,4.9749605
65.1966657,-109.0288660,-2.9170906,5.1161997
65.3159126,-109.5319271,-2.9017723,5.2805075
65.4361827,-110.0153395,-2.8951006,5.4699943
65.5585418,-110.5017180,-2.8964995,5.6594811
65.6785523,-110.9898521,-2.9058316,5.8319489
65.7921593,-111.4785649,-2.9214651,5.9280332
65.8963967,-111.9676037,-2.9426684,6.0241174
65.9883683,-112.4565044,-2.9696283,6.1202016
66.0667753,-112.9550452,-3.0022125,6.0093101
66.1275619,-113.4527685,-3.0386405,5.8712671
66.1686755,-113.9466215,-3.0792504,5.7332241
66.1886552,-114.4505667,-3.1251902,5.6065496
66.1848130,-114.9542398,3.1094600,5.4856443
66.1565769,-115.4471837,3.0586845,5.3647390
66.1010809,-115.9478940,3.0034056,5.2854133
66.0174797,-116.4457906,2.9468828,5.2347015
65.9092353,-116.9237782,2.8905991,5.1839897
65.7693793,-117.4087928,2.8310483,5.2112014
65.6027851,-117.8800957,2.7729143,5.2665642
65.4140268,-118.3315208,2.7187569,5.3221484
65.1977847,-118.7789898,2.6638863,5.3795383
64.9562650,-119.2158712,2.6098442,5.4369283
64.6960924,-119.6340389,2.5607190,5.4956436
64.4148392,-120.0408709,2.5128948,5.5553404
64.1037533,-120.4476192,2.4647115,5.6150371
63.7878851,-120.8234299,2.4213999,5.7144839
63.4514132,-121.1917406,2.3819307,5.8203416
63.0927585,-121.5554591,2.3449656,5.9261993
62.7330555,-121.8957581,2.3128776,6.0590997
62.3603192,-122.2280011,2.2855358,6.1951756
61.9751931,-122.5542208,2.2622949,6.3312514
61.5861780,-122.8698445,2.2432149,6.4791855
61.1923419,-123.1783912,2.2281401,6.6308832
60.7945840,-123.4816305,2.2168042,6.7825809
60.3926417,-123.7820472,2.2091095,6.9345639
59.9891747,-124.0800134,2.2053784,7.0867689
59.5879212,-124.3753040,2.2057664,7.2389738
59.1873761,-124.6715838,2.2099797,7.3885690
58.7864555,-124.9709752,2.2143263,7.5343587
58.3879801,-125.2709830,2.2178154,7.6801484
57.9906221,-125.5720504,2.2204344,7.8230274
57.5936710,-125.8742777,2.2225815,7.9593529
57.1963955,-126.1779988,2.2244022,8.0956784
56.7992334,-126.4826778,2.2259006,8.2298952
56.4036190,-126.7870328,2.2271686,8.3557563
56.0077361,-127.0923387,2.2282612,8.4816174
55.6117546,-127.3983562,2.2291792,8.6068848
55.2164395,-127.7043407,2.2297335,8.7249972
54.8212209,-128.0104422,2.2297853,8.8431096
54.4262384,-128.3162347,2.2293342,8.9612221
54.0297849,-128.6226629,2.2280922,8.9987703
53.6335815,-128.9277526,2.2257062,9.0316928
53.2376983,-129.2307309,2.2221608,9.0646153
52.8380193,-129.5339443,2.2171343,8.8655420
52.4375528,-129.8339901,2.2101531,8.6189497
52.0368382,-130.1292612,2.2011721,8.3723575
51.6299284,-130.4228357,2.1901049,8.1311016
51.2203786,-130.7109371,2.1772710,7.8916025
50.8098592,-130.9913880,2.1626755,7.6521034
50.3912325,-131.2678931,2.1460881,7.4122030
49.9686635,-131.5365631,2.1278839,7.1721552
49.5445215,-131.7950658,2.1081303,6.9321074
49.1110160,-132.0470927,2.0863533,6.6877242
48.6730253,-132.2885797,2.0626745,6.4421060
48.2321061,-132.5177411,2.0372229,6.1964878
47.7817971,-132.7367024,2.0089182,5.9419300
47.3261798,-132.9415063,1.9769489,5.6862809
46.8649921,-133.1303771,1.9414489,5.4306805
46.3980975,-133.3013911,1.9014562,5.1760978
45.9222954,-133.4529951,1.8562924,4.9215150
45.4373216,-133.5825579,1.8067725,4.6644227
44.9493422,-133.6860355,1.7514263,4.3968256
44.4540570,-133.7605292,1.6871463,4.1292284
43.9521132,-133.8006385,1.6121811,3.8836255
43.4441313,-133.8004825,1.5270091,3.6946706
42.9496713,-133.7554507,1.4300920,3.5057157
42.4580288,-133.6566095,1.3101081,3.2857013
41.9798896,-133.4901411,1.1546637,3.0263403
41.5567658,-133.2546041,0.9636100,2.7669792
41.1871212,-132.9315821,0.7413009,2.7849834
40.8935507,-132.5306024,0.5258295,2.8429198
40.6873654,-132.0790557,0.3364738,2.9223484
40.5619269,-131.6028065,0.1836363,3.0311327
40.5032863,-131.0957232,0.0496008,3.1399170
40.5089703,-130.5875350,-0.0699183,3.2280998
40.5721144,-130.0876637,-0.1811151,3.3088341
40.6875943,-129.6090224,-0.2941573,3.3895683
40.8652845,-129.1339221,-0.4231823,3.5014011
41.0972610,-128.6968377,-0.5521913,3.6148055
41.3766373,-128.2991943,-0.6705320,3.7476124
41.6973784,-127.9354772,-0.7712615,3.9129350
42.0695372,-127.5840652,-0.8524795,4.0782576
42.4475045,-127.2727242,-0.9082584,4.2599594
42.8410004,-126.9796903,-0.9515271,4.4494936
43.2656924,-126.6890023,-0.9884548,4.6390278
43.6946301,-126.4160941,-1.0186374,4.8338167
44.1172528,-126.1621220,-1.0393225,5.0344659
44.5525747,-125.9103823,-1.0524334,5.2351150
44.9961619,-125.6594993,-1.0585736,5.4357642
45.4338820,-125.4135601,-1.0581668,5.6057745
45.8703494,-125.1663022,-1.0515410,5.7727027
46.3026403,-124.9157987,-1.0385704,5.9396310
46.7328503,-124.6569791,-1.0185879,6.0262048
47.1668556,-124.3813400,-0.9897872,5.8806744
47.5807381,-124.0986787,-0.9515088,5.7351440
47.9682172,-123.8084171,-0.9018036,5.5896136
48.3638346,-123.4742714,-0.8365599,5.4512209
48.7275601,-123.1239039,-0.7714820,5.3146306
49.0503086,-122.7706554,-0.7090208,5.1780404
49.3688375,-122.3729850,-0.6414560,5.0309109
49.6533619,-121.9648092,-0.5767201,4.8809642
49.9061474,-121.5504005,-0.5200242,4.7547734
50.1420020,-121.1091945,-0.4610896,4.7208664
50.3497653,-120.6569759,-0.4002378,4.6869593
50.5278646,-120.1975115,-0.3381595,4.6739670
50.6771790,-119.7207405,-0.2676983,4.6665955
50.7915460,-119.2319605,-0.1917322,4.7081408
50.8684645,-118.7454037,-0.1233909,4.8622925
50.9149771,-118.2414590,-0.0620541,5.0164443
50.9323592,-117.7444933,-0.0087721,5.1477691
50.9244550,-117.2476787,0.0399193,5.2667413
50.8923898,-116.7409659,0.0858971,5.3857135
50.8395629,-116.2486407,0.1272053,5.5074786
50.7668778,-115.7555052,0.1648684,5.6298968
50.6749785,-115.2576761,0.1996946,5.7523151
50.5688204,-114.7724083,0.2302525,5.8956169
50.4485361,-114.2884517,0.2562053,6.0438086
50.3154099,-113.8026451,0.2780233,6.1920002
50.1739372,-113.3236427,0.2957583,6.3479178
50.0249659,-112.8474952,0.3101496,6.5073459
49.8690971,-112.3708847,0.3214862,6.6667740
49.7086297,-111.8960896,0.3299320,6.8257039
49.5450915,-111.4236325,0.3362050,6.9841101
49.3790421,-110.9519888,0.3404938,7.1425164
49.2112925,-110.4805016,0.3428369,7.2985200
49.0422366,-110.0075976,0.3435673,7.4477140
48.8740647,-109.5371317,0.3427848,7.5969079
48.7075278,-109.0689479,0.3404548,7.7452251
48.5400096,-108.5935904,0.3370881,7.8807635
48.3756367,-108.1217204,0.3332187,8.0163019
48.2145620,-107.6531061,0.3288378,8.1518403
48.0532752,-107.1767224,0.3240565,8.2748351
47.8952403,-106.7024791,0.3192641,8.3970885
47.7405050,-106.2306150,0.3144807,8.5193419
47.5864698,-105.7531039,0.3095743,8.6326294
47.4353587,-105.2765498,0.3045233,8.7449101
47.2874287,-104.8016060,0.2993402,8.8571909
47.1408961,-104.3222939,0.2940510,8.9632296
46.9972905,-103.8435801,0.2888422,9.0686372
46.8566452,-103.3657888,0.2837316,9.1740447
46.7176980,-102.8847615,0.2786866,9.2743411
46.5814270,-102.4040144,0.2737538,9.3744072
46.4477339,-101.9234490,0.2689427,9.4743111
46.3159987,-101.4410203,0.2642016,9.5690867
46.1866501,-100.9583936,0.2595199,9.6638623
46.0595955,-100.4753561,0.2549043,9.7579735
45.9347696,-99.9917599,0.2503058,9.8470328
45.8120975,-99.5072977,0.2456936,9.9360921
45.6916347,-99.0221630,0.2410760,10.0238490
45.5736406,-98.5373691,0.2364053,10.1064361
45.4577033,-98.0510508,0.2316409,10.1890231
45.3440778,-97.5640722,0.2267979,10.2695548
45.2331746,-97.0780265,0.2218466,10.3446361
45.1243525,-96.5897979,0.2167458,10.4197173
45.0180649,-96.1010736,0.2115280,10.4924192
44.9147588,-95.6137738,0.2062741,10.5601200
44.8135537,-95.1236368,0.2009651,10.6278208
44.7149834,-94.6331097,0.1956703,10.6950526
44.6194297,-94.1447036,0.1908279,10.7613524
44.5255556,-93.6529303,0.1865019,10.8276523
44.4336485,-93.1606332,0.1827471,10.8485178
44.3440219,-92.6718284,0.1801627,10.7622248
44.2546932,-92.1792823,0.1788749,10.6759318
44.1653887,-91.6850464,0.1788873,10.5608715
44.0765105,-91.1961340,0.1812300,10.3290312
43.9851824,-90.7042421,0.1863829,10.0971908
43.8901298,-90.2103137,0.1943049,9.8664151
43.7915705,-89.7220900,0.2043964,9.6758756
43.6872565,-89.2332497,0.2163913,9.4853360
43.5763463,-88.7446027,0.2303132,9.2947964
43.4584397,-88.2585460,0.2458314,9.1188085
43.3327954,-87.7746155,0.2623947,8.9463182
43.1989644,-87.2931612,0.2800496,8.7738279
43.0560899,-86.8132803,0.2988646,8.6044683
42.9039576,-86.3361770,0.3186484,8.4374368
42.7427347,-85.8638426,0.3393958,8.2704053
42.5712462,-85.3944143,0.3612957,8.1050089
42.3883816,-84.9267666,0.3843911,7.9425179
42.1957390,-84.4664476,0.4085167,7.7800270
41.9922236,-84.0120540,0.4338941,7.6183618
41.7743316,-83.5578168,0.4608493,7.4600743
41.5461578,-83.1138647,0.4888952,7.3017868
41.3068788,-82.6794361,0.5182686,7.1438827
41.0497631,-82.2444516,0.5496477,6.9890571
40.7822236,-81.8231162,0.5820993,6.8342315
40.5030948,-81.4141303,0.6159450,6.6798774
40.2035192,-81.0065713,0.6520010,6.5287555
39.8939607,-80.6161033,0.6888984,6.3776337
39.5711907,-80.2389947,0.7272028,6.2288777
39.2283380,-79.8690334,0.7678690,6.0867429
38.8760658,-79.5190295,0.8096853,5.9446081
38.5074275,-79.1828542,0.8533846,5.8438994
38.1226041,-78.8619420,0.8981318,5.7811835
37.7280029,-78.5617346,0.9427404,5.7184676
37.3176491,-78.2778392,0.9889243,5.6650519
36.8942604,-78.0138019,1.0378046,5.6129024
36.4588361,-77.7714529,1.0882093,5.5660212
36.0140352,-77.5527289,1.1395314,5.5327280
35.5521048,-77.3547408,1.1922667,5.4994347
35.0855667,-77.1831524,1.2444018,5.4880725
34.6105018,-77.0359669,1.2962637,5.4900261
34.1198798,-76.9116141,1.3488369,5.4919796
33.6346201,-76.8150326,1.3995949,5.5188710
33.1410350,-76.7423626,1.4494417,5.5504651
32.6369054,-76.6935586,1.4989812,5.5820592
32.1429430,-76.6698016,1.5462741,5.6171771
31.6436377,-76.6692244,1.5928352,5.6525789
31.1389955,-76.6920549,1.6390543,5.6879808
30.6447494,-76.7369597,1.6835404,5.7237761
30.1501506,-76.8039499,1.7271332,5.7596213
29.6548321,-76.8930286,1.7702152,5.7954666
29.1682662,-77.0020502,1.8119853,5.8406230
28.6862700,-77.1310360,1.8523452,5.8888680
28.2073284,-77.2798799,1.8916932,5.9371130
27.7355727,-77.4468117,1.9299234,5.9891543
27.2714811,-77.6309544,1.9669501,6.0443681
26.8134992,-77.8323532,2.0031009,6.0995819
26.3626737,-78.0501675,2.0385182,6.1559009
25.9200140,-78.2834842,2.0730881,6.2147846
25.4860767,-78.5315048,2.1068855,6.2736684
25.0613880,-78.7934777,2.1400772,6.3326621
24.6427827,-79.0711909,2.1729154,6.3935383
24.2352540,-79.3610336,2.2050278,6.4544145
23.8393935,-79.6619797,2.2365455,6.5152907
23.4485658,-79.9790263,2.2680408,6.5765089
23.0695615,-80.3065721,2.2988655,6.6377905
22.7040932,-80.6424071,2.3290098,6.6990721
22.3442287,-80.9937123,2.3592644,6.7612467
21.9958027,-81.3549612,2.3892277,6.8237977
21.6626143,-81.7216040,2.4186862,6.8863487
21.3363730,-82.1026884,2.4484142,6.9548526
21.0217400,-82.4929428,2.4776088,7.0263325
20.7220526,-82.8872585,2.5056566,7.0978124
20.4307339,-83.2933806,2.5327466,7.1769017
20.1502819,-83.7067699,2.5578797,7.2585468
19.8805790,-84.1255437,2.5805386,7.3401919
19.6200145,-84.5499580,2.6012948,7.4277430
19.3674134,-84.9808358,2.6212458,7.5159186
19.1223485,-85.4181993,2.6403011,7.6042931
18.8876812,-85.8558038,2.6582999,7.6959518
18.6591950,-86.3005813,2.6756441,7.7876105
18.4373919,-86.7510033,2.6922536,7.8794613
18.2252273,-87.1999900,2.7079346,7.9723063
18.0183885,-87.6557418,2.7230532,8.0651513
17.8176531,-88.1160495,2.7375733,8.1579216
17.6253217,-88.5746404,2.7512657,8.2503942
17.4379707,-89.0386871,2.7643713,8.3428668
17.2560355,-89.5064955,2.7768947,8.4351078
17.0811120,-89.9729863,2.7886792,8.5262656
16.9108933,-90.4432919,2.7998744,8.6174234
16.7454362,-90.9165134,2.8105090,8.7083965
16.5855136,-91.3895250,2.8205195,8.7978174
16.4300052,-91.8646661,2.8299721,8.8872384
16.2788071,-92.3414043,2.8388939,8.9766347
16.1316365,-92.8197898,2.8473011,9.0644721
15.9885390,-93.2987797,2.8551840,9.1523095
15.8493657,-93.7779280,2.8625573,9.2401469
15.7129927,-94.2602929,2.8695017,9.3276494
15.5802012,-94.7423397,2.8759980,9.4151262
15.4508900,-95.2235191,2.8820461,9.5026030
15.3236047,-95.7083176,2.8874408,9.5924524
15.1989608,-96.1925590,2.8916896,9.6826702
15.0765586,-96.6754099,2.8947622,9.7728880
14.9548146,-97.1606501,2.8965228,9.8677372
14.8336778,-97.6454551,2.8966870,9.9634865
14.7124016,-98.1294946,2.8952357,10.0592357
14.5900515,-98.6132935,2.8923659,9.9484050
14.4659443,-99.0971128,2.8884442,9.7974834
14.3394592,-99.5812642,2.8834938,9.6465618
14.2107325,-100.0630499,2.8771810,9.4213336
14.0782477,-100.5446865,2.8687941,9.1817950
13.9408434,-101.0264006,2.8583278,8.9422564
13.7985393,-101.5045648,2.8461073,8.7133530
13.6498988,-101.9814172,2.8325233,8.4868233
13.4940515,-102.4573814,2.8175771,8.2602936
13.3314110,-102.9291310,2.8014039,8.0400337
13.1607369,-103.3984543,2.7839957,7.8216348
12.9811412,-103.8658837,2.7653307,7.6032358
12.7933806,-104.3278814,2.7456896,7.3925885
12.5963523,-104.7862220,2.7254204,7.1852730
12.3890535,-105.2423476,2.7045424,6.9779574
12.1734545,-105.6913834,2.6832602,6.7773061
11.9484175,-106.1351805,2.6612249,6.5811518
11.7115680,-106.5773589,2.6383600,6.3849975
11.4645736,-107.0138701,2.6146521,6.1910617
11.2077870,-107.4420051,2.5872565,5.9999839
10.9374458,-107.8637121,2.5549473,5.8089061
10.6517745,-108.2767723,2.5172045,5.6143580
10.3473312,-108.6812386,2.4748549,5.4063776
10.0292244,-109.0670266,2.4283395,5.1983971
9.6980166,-109.4307328,2.3763112,4.9913235
9.3270324,-109.7944810,2.3156720,4.8143072
8.9491629,-110.1215417,2.2515276,4.6372909
8.5621980,-110.4131034,2.1794630,4.4631868
8.1176886,-110.6962635,2.0969839,4.3125404
7.6914770,-110.9233718,2.0243167,4.1618940
7.2381765,-111.1234930,1.9447515,4.0997769
6.7736351,-111.2800557,1.8458243,4.0829819
6.3155529,-111.3867318,1.7519485,4.1488549
5.8229301,-111.4500636,1.6460466,4.2598413
5.3163365,-111.4633695,1.5518885,4.3744229
4.8370248,-111.4373890,1.4840464,4.4939748
4.3213995,-111.3762899,1.4230570,4.6135266
3.8175888,-111.2871767,1.3699894,4.7530301
3.3382104,-111.1794728,1.3316597,4.9133369
2.8493306,-111.0525549,1.3036197,5.0736437
2.3561278,-110.9121020,1.2845506,5.2333311
1.8781400,-110.7685954,1.2753726,5.3868093
1.3988135,-110.6224645,1.2760117,5.5402875
0.9195360,-110.4792351,1.2864451,5.6937657
0.4306224,-110.3413880,1.3070021,5.6689282
-0.0630047,-110.2153448,1.3360944,5.4972450
-0.5481147,-110.1086497,1.3743799,5.3255617
-1.0310249,-110.0245967,1.4249041,5.1586445
-1.5525027,-109.9645975,1.4887698,5.0185436
-2.0471686,-109.9405439,1.5573290,4.8784427
-2.5270270,-109.9523757,1.6358894,4.7366130
-3.0377913,-110.0091624,1.7270805,4.5874623
-3.5134295,-110.1041130,1.8063973,4.4383117
-3.9876940,-110.2356479,1.8771288,4.3891459
-4.4558738,-110.4039965,1.9556473,4.3781956
-4.9064526,-110.6076943,2.0345128,4.4272217
-5.3387936,-110.8441718,2.1068997,4.5650981
-5.7701538,-111.1209989,2.1745161,4.7029744
-6.1623286,-111.4088350,2.2326502,4.8199480
-6.5487760,-111.7278700,2.2886463,4.9354249
-6.9233991,-112.0734177,2.3425754,5.0474019
-7.2665239,-112.4241310,2.3911128,5.1457579
-7.6006533,-112.7998277,2.4378430,5.2441139
-7.9196948,-113.1934577,2.4827409,5.3468046
-8.2141093,-113.5901037,2.5226209,5.4634405
-8.4973790,-114.0036517,2.5587530,5.5800764
-8.7687139,-114.4305294,2.5914395,5.6981107
-9.0215816,-114.8566716,2.6201182,5.8286009
-9.2648876,-115.2933591,2.6459153,5.9590912
-9.4992178,-115.7392119,2.6690070,6.0895815
-9.7215333,-116.1852921,2.6889409,6.2316534
-9.9360657,-116.6362867,2.7057045,6.3756769
-10.1444427,-117.0921312,2.7194567,6.5197003
-10.3470836,-117.5501697,2.7300990,6.6718233
-10.5453923,-118.0092578,2.7369365,6.8306611
-10.7413631,-118.4691220,2.7399204,6.9894990
-10.9369076,-118.9293344,2.7390480,7.1203908
-11.1345554,-119.3909062,2.7343295,7.1522165
-11.3343598,-119.8490760,2.7257393,7.1840421
-11.5377988,-120.3024514,2.7131825,7.2158677
-11.7510092,-120.7595248,2.6964564,7.0417272
-11.9711309,-121.2094376,2.6760446,6.8507099
-12.1989304,-121.6498697,2.6517846,6.6596926
-12.4419894,-122.0907457,2.6232127,6.4700392
-12.6975936,-122.5232311,2.5919237,6.2809535
-12.9632613,-122.9410752,2.5580615,6.0918678
-13.2478936,-123.3552318,2.5203617,5.8923787
-13.5490753,-123.7585820,2.4795038,5.6861317
-13.8608759,-124.1413676,2.4359475,5.4798847
-14.1965861,-124.5168280,2.3874018,5.2741135
-14.5500624,-124.8739461,2.3344151,5.0685891
-14.9136722,-125.2030530,2.2775126,4.8630646
-15.3095368,-125.5198789,2.2131690,4.6793314
-15.7182599,-125.8048061,2.1452113,4.4983563
-16.1426827,-126.0584786,2.0727956,4.3166707
-16.5924089,-126.2819362,1.9891037,4.1332737
-17.0540260,-126.4622054,1.8953781,3.9498768
-17.5295809,-126.5963141,1.7961610,4.0054390
-18.0206461,-126.6840615,1.7001469,4.1118537
-18.5167226,-126.7261532,1.6122075,4.2204904
-19.0076659,-126.7268888,1.5337323,4.3331048
-19.5151756,-126.6891719,1.4609330,4.4457192
-20.0032926,-126.6194564,1.3979622,4.5553094
-20.4892653,-126.5197917,1.3398017,4.6636982
-20.9840771,-126.3885164,1.2836900,4.7720869
-21.4539296,-126.2366593,1.2337706,4.9038452
-21.9193057,-126.0617666,1.1898275,5.0415483
-22.3864663,-125.8636436,1.1503631,5.1792514
-22.8390806,-125.6516572,1.1158748,5.3252912
-23.2822500,-125.4262779,1.0853506,5.4761370
-23.7235502,-125.1854841,1.0577585,5.6269827
-24.1592466,-124.9327260,1.0328588,5.7752020
-24.5848187,-124.6719762,1.0094361,5.9174403
-25.0053617,-124.4007274,0.9865311,6.0596787
-25.4195938,-124.1200184,0.9639405,6.2019170
-25.8299684,-123.8280353,0.9405489,6.2886038
-26.2312657,-123.5275735,0.9153198,6.3694779
-26.6213063,-123.2192454,0.8880144,6.4503519
-27.0056247,-122.8970844,0.8579012,6.4829543
-27.3811384,-122.5617739,0.8255380,6.4745075
-27.7407076,-122.2185571,0.7914114,6.4660608
-28.0878214,-121.8630105,0.7550448,6.4489691
-28.4268425,-121.4887617,0.7169222,6.4110969
-28.7469029,-121.1070525,0.6784793,6.3732248
-29.0500846,-120.7155839,0.6393171,6.3342397
-29.3435165,-120.3036699,0.5985175,6.2901766
-29.6158074,-119.8863641,0.5576188,6.2461135
-29.8691464,-119.4608247,0.5162251,6.2029270
-30.1089938,-119.0164358,0.4735724,6.1632626
-30.3265567,-118.5688694,0.4313353,6.1235982
-30.5247957,-118.1129827,0.3889710,6.0900168
-30.7052961,-117.6438746,0.3455452,6.0679792
-30.8634082,-117.1728566,0.3021189,6.0459415
-31.0013134,-116.6937144,0.2584180,6.0486659
-31.1185496,-116.2079414,0.2153956,6.0682034
-31.2148910,-115.7189301,0.1739392,6.0877408
-31.2911101,-115.2272788,0.1336954,6.1076846
-31.3477412,-114.7310002,0.0936345,6.1276707
-31.3846810,-114.2316763,0.0541925,6.1504869
-31.4019588,-113.7358689,0.0155046,6.1841204
-31.3999792,-113.2345290,-0.0233519,6.2177539
-31.3787041,-112.7350536,-0.0616566,6.2607450
-31.3388897,-112.2398103,-0.0985764,6.3154071
-31.2803247,-111.7404266,-0.1347066,6.3700692
-31.2047287,-111.2473671,-0.1693411,6.4323070
-31.1126835,-110.7583230,-0.2025112,6.4997709
-31.0034927,-110.2671233,-0.2347590,6.5672348
-30.8800174,-109.7840255,-0.2654763,6.6401946
-30.7422854,-109.3054453,-0.2947353,6.7162382
-30.5894346,-108.8265411,-0.3229514,6.7922819
-30.4245728,-108.3551834,-0.3497549,6.8715788
-30.2479052,-107.8894689,-0.3751880,6.9530760
-30.0582950,-107.4248776,-0.3995971,7.0345731
-29.8582062,-106.9661524,-0.4228299,7.1174031
-29.6487504,-106.5141384,-0.4448454,7.2017216
-29.4284346,-106.0643538,-0.4659379,7.2860402
-29.1986880,-105.6188107,-0.4860948,7.3706352
-28.9615486,-105.1802956,-0.5052282,7.4559225
-28.7154440,-104.7448949,-0.5235671,7.5412098
-28.4610024,-104.3130370,-0.5411569,7.6264875
-28.2001770,-103.8872472,-0.5579430,7.7116013
-27.9320905,-103.4653408,-0.5740566,7.7967150
-27.6572700,-103.0475620,-0.5895379,7.8818288
-27.3758539,-102.6335931,-0.6044499,7.9663269
-27.0886368,-102.2241131,-0.6188213,8.0506780
-26.7962240,-101.8194937,-0.6326810,8.1350291
-26.4974537,-101.4177428,-0.6461048,8.2188611
-26.1931955,-101.0196458,-0.6589553,8.3022919
-25.8853202,-100.6271145,-0.6711817,8.3857227
-25.5725231,-100.2379849,-0.6829056,8.4688351
-25.2535670,-99.8505204,-0.6945239,8.5513633
-24.9320353,-99.4689918,-0.7059980,8.6338915
-24.6068961,-99.0920046,-0.7173626,8.7161686
-24.2746459,-98.7155066,-0.7287122,8.7974143
-23.9400645,-98.3448578,-0.7398642,8.8786601
-23.6027202,-97.9793568,-0.7508277,8.9597381
-23.2581010,-97.6140630,-0.7617016,9.0392128
-22.9114187,-97.2543929,-0.7722847,9.1186875
-22.5625643,-96.8999493,-0.7825756,9.1980645
-22.2067317,-96.5457314,-0.7927332,9.2753461
-21.8491282,-96.1968167,-0.8026202,9.3526277
-21.4896418,-95.8528429,-0.8122325,9.4298051
-21.1238106,-95.5094225,-0.8217037,9.5045278
-20.7563860,-95.1709094,-0.8309196,9.5792505
-20.3870886,-94.8368248,-0.8398782,9.6537504
-20.0123723,-94.5038413,-0.8486904,9.7255917
-19.6361087,-94.1752976,-0.8572787,9.7974330
-19.2578163,-93.8505930,-0.8656437,9.8688054
-18.8751897,-93.5276400,-0.8738739,9.9374650
-18.4908926,-93.2085992,-0.8819269,10.0061246
-18.1043965,-92.8928988,-0.8898034,10.0739383
-17.7146255,-92.5795723,-0.8975760,10.1391032
-17.3228780,-92.2696020,-0.9052310,10.2042681
-16.9289316,-91.9627269,-0.9127651,10.2681490
-16.5325491,-91.6587043,-0.9202435,10.3296542
-16.1336998,-91.3574855,-0.9276724,10.3911594
-15.7329506,-91.0594575,-0.9350181,10.4516574
-15.3302573,-90.7645106,-0.9422188,10.5109803
-14.9245546,-90.4717793,-0.9492703,10.5703032
-14.5177549,-90.1825375,-0.9561268,10.6312471
-14.1092462,-89.8962174,-0.9627843,10.6934636
-13.6971655,-89.6114107,-0.9692584,10.7556800
-13.2852079,-89.3305346,-0.9754610,10.8205765
-12.8715790,-89.0521665,-0.9813412,10.8870312
-12.4537664,-88.7744479,-0.9869191,10.9534859
-12.0370815,-88.5006877,-0.9919869,11.0215388
-11.6190983,-88.2288341,-0.9961482,11.0904141
-11.1973300,-87.9567440,-0.9994244,11.1592895
-10.7769925,-87.6872656,-1.0018784,11.2282028
-10.3565343,-87.4190013,-1.0038066,11.2971385
-9.9334399,-87.1500607,-1.0052625,11.3660742
-9.5111127,-86.8823343,-1.0062834,11.4335288
-9.0894679,-86.6155652,-1.0070579,11.4997220
-8.6662213,-86.3481789,-1.0076215,11.5659152
-8.2429730,-86.0810635,-1.0079811,11.6306755
-7.8206097,-85.8146699,-1.0081810,11.6933771
-7.3975884,-85.5479361,-1.0082340,11.7560787
-6.9743497,-85.2810525,-1.0081280,11.8173249
-6.5514693,-85.0142231,-1.0075997,11.8743695
-6.1289794,-84.7471719,-1.0065428,11.9314142
-5.7070695,-84.4797055,-1.0049524,11.9874452
-5.2845121,-84.2107007,-1.0027081,12.0344119
-4.8635768,-83.9411839,-0.9997362,12.0813785
-4.4446904,-83.6710022,-0.9960264,12.1283452
-4.0241585,-83.3973119,-0.9915414,12.1610367
-3.6063838,-83.1225232,-0.9863251,12.1931201
-3.1919481,-82.8466009,-0.9803624,12.2252036
-2.7759783,-82.5658168,-0.9736050,12.2415013
-2.3632752,-82.2829631,-0.9661964,12.2550102
-1.9551142,-81.9985584,-0.9581337,12.2685191
-1.5458592,-81.7082292,-0.9493471,12.2664729
-1.1402704,-81.4149612,-0.9400805,12.2602179
-0.7401858,-81.1198498,-0.9303591,12.2539630
-0.3394310,-80.8179865,-0.9200024,12.2333660
0.0570595,-80.5126809,-0.9091132,12.2087483
0.4473697,-80.2051506,-0.8977293,12.1841305
0.8374430,-79.8903167,-0.8856219,12.1467581
1.2224565,-79.5715875,-0.8728910,12.1068908
1.6015584,-79.2493496,-0.8596139,12.0670234
1.9781983,-78.9203629,-0.8460963,12.0178393
2.3499924,-78.5867640,-0.8329568,11.9681256
2.7173475,-78.2484784,-0.8202630,11.9181178
3.0800046,-77.9059776,-0.8076446,11.8647758
3.4389872,-77.5581819,-0.7947692,11.8114338
3.7937134,-77.2054673,-0.7816823,11.7579106
4.1424660,-76.8494371,-0.7684248,11.7036994
4.4876570,-76.4874710,-0.7549027,11.6494882
4.8279873,-76.1207269,-0.7411831,11.5950880
5.1618844,-75.7508077,-0.7273033,11.5402684
5.4919948,-75.3746109,-0.7131419,11.4854488
5.8165685,-74.9939038,-0.6987757,11.4303793
6.1344590,-74.6099460,-0.6842772,11.3748986
6.4480334,-74.2197252,-0.6695347,11.3194178
6.7555642,-73.8251836,-0.6546235,11.2637643
7.0562090,-73.4273436,-0.6396243,11.2078592
7.3519210,-73.0235008,-0.6244340,11.1519541
7.6412752,-72.6154219,-0.6091129,11.0960073
7.9235279,-72.2041235,-0.5937473,11.0399982
8.2002498,-71.7872388,-0.5782469,10.9839890
8.4704165,-71.3661644,-0.5626519,10.9280519
8.7332834,-70.9420504,-0.5470472,10.8722411
8.9901042,-70.5128361,-0.5313555,10.8164302
9.2402074,-70.0795278,-0.5155985,10.7607508
9.4828342,-69.6434442,-0.4998497,10.7053774
9.7190171,-69.2027177,-0.4840435,10.6500039
9.9483517,-68.7580041,-0.4681952,10.5947429
10.1700562,-68.3108698,-0.4524382,10.5398861
10.3850593,-67.8595508,-0.4367351,10.4850293
10.5931477,-67.4045108,-0.4210898,10.4366102
10.7935149,-66.9478173,-0.4059099,10.4366102
10.9874636,-66.4872605,-0.3913574,10.4366102
11.1753170,-66.0228056,-0.3774478,10.2672937
